Nam,Vung,Mon,count,mean,pct_ge_8,province_count,min_province_mean,max_province_mean
2021,Bắc Trung Bộ và Duyên hải miền Trung,HoaHoc,73917,6.7456,29.2178,14,6.5707,7.006
2021,Bắc Trung Bộ và Duyên hải miền Trung,NgoaiNgu,207667,5.4033,17.8218,14,4.9736,6.3594
2021,Bắc Trung Bộ và Duyên hải miền Trung,NguVan,226785,6.5248,18.4391,14,5.6671,7.0529
2021,Bắc Trung Bộ và Duyên hải miền Trung,SinhHoc,72280,5.3603,6.8406,14,5.0312,5.8191
2021,Bắc Trung Bộ và Duyên hải miền Trung,Toan,227932,6.5408,26.0631,14,6.147,7.0615
2021,Bắc Trung Bộ và Duyên hải miền Trung,VatLy,73625,6.6936,22.3105,14,6.3284,7.0087
2021,Trung du và miền núi phía Bắc,HoaHoc,82854,6.5913,22.4492,14,6.3907,7.0369
2021,Trung du và miền núi phía Bắc,NgoaiNgu,187856,6.2876,31.5613,14,4.173,7.229
2021,Trung du và miền núi phía Bắc,NguVan,215939,6.3158,9.842,14,5.3215,6.8339
2021,Trung du và miền núi phía Bắc,SinhHoc,81767,5.56,6.4423,14,5.1862,6.1207
2021,Trung du và miền núi phía Bắc,Toan,216359,6.6474,25.8999,14,4.9156,7.1604
2021,Trung du và miền núi phía Bắc,VatLy,82478,6.4678,15.8857,14,6.283,7.0872
2021,Tây Nguyên,HoaHoc,29111,6.6094,22.755,5,6.3154,7.0496
2021,Tây Nguyên,NgoaiNgu,63398,5.9175,24.279,5,5.094,7.1064
2021,Tây Nguyên,NguVan,69886,6.2499,9.3397,5,5.6983,6.8033
2021,Tây Nguyên,SinhHoc,28606,5.641,6.4113,5,5.2836,6.2827
2021,Tây Nguyên,Toan,70349,6.6094,24.227,5,6.1718,7.1318
2021,Tây Nguyên,VatLy,29084,6.4894,15.1205,5,6.2921,6.7891
2021,Đông Nam Bộ,HoaHoc,33575,6.6078,20.0821,6,6.4869,6.6855
2021,Đông Nam Bộ,NgoaiNgu,74360,5.8367,20.6952,6,5.3084,6.1436
2021,Đông Nam Bộ,NguVan,83737,6.3707,10.8547,6,5.9062,6.901
2021,Đông Nam Bộ,SinhHoc,33240,5.5973,5.162,6,5.3843,5.8619
2021,Đông Nam Bộ,Toan,83903,6.5419,19.6981,6,6.2048,6.6578
2021,Đông Nam Bộ,VatLy,33481,6.3423,11.319,6,6.1189,6.5959
2021,Đồng bằng sông Cửu Long,HoaHoc,53705,6.5847,20.6423,13,6.1954,6.8852
2021,Đồng bằng sông Cửu Long,NgoaiNgu,126042,5.6442,17.8235,13,4.4855,6.7356
2021,Đồng bằng sông Cửu Long,NguVan,137827,6.5312,14.2539,13,5.5084,7.0648
2021,Đồng bằng sông Cửu Long,SinhHoc,53088,5.8617,8.258,13,5.2796,6.5014
2021,Đồng bằng sông Cửu Long,Toan,137547,6.5087,19.4193,13,5.5672,6.9476
2021,Đồng bằng sông Cửu Long,VatLy,52987,6.3426,11.6958,13,6.0082,6.7024
2021,Đồng bằng sông Hồng,HoaHoc,71250,6.6139,29.747,10,6.2927,7.175
2021,Đồng bằng sông Hồng,NgoaiNgu,202622,6.0528,29.7801,10,4.3774,6.4637
2021,Đồng bằng sông Hồng,NguVan,233550,6.6322,19.9808,10,6.0171,7.1458
2021,Đồng bằng sông Hồng,SinhHoc,70032,5.2664,5.6225,10,5.0338,5.866
2021,Đồng bằng sông Hồng,Toan,234570,6.7586,32.531,10,5.1906,7.4229
2021,Đồng bằng sông Hồng,VatLy,71157,6.8671,26.8713,10,6.538,7.0947
2022,Bắc Trung Bộ và Duyên hải miền Trung,HoaHoc,70250,6.9711,34.4948,14,6.6041,7.3403
2022,Bắc Trung Bộ và Duyên hải miền Trung,NgoaiNgu,209644,4.7997,8.323,14,4.5121,5.4594
2022,Bắc Trung Bộ và Duyên hải miền Trung,NguVan,229485,6.6011,20.7458,14,5.3732,7.3572
2022,Bắc Trung Bộ và Duyên hải miền Trung,SinhHoc,68811,4.9655,4.8833,14,4.587,5.4505
2022,Bắc Trung Bộ và Duyên hải miền Trung,Toan,230419,6.3838,22.0688,14,5.9306,6.9995
2022,Bắc Trung Bộ và Duyên hải miền Trung,VatLy,69888,6.9561,29.1256,14,6.5107,7.4279
2022,Trung du và miền núi phía Bắc,HoaHoc,76659,6.6942,26.3521,14,6.4398,7.3974
2022,Trung du và miền núi phía Bắc,NgoaiNgu,183623,5.5832,17.2892,14,3.7898,6.3964
2022,Trung du và miền núi phía Bắc,NguVan,212061,6.4959,16.2489,14,5.0397,7.688
2022,Trung du và miền núi phía Bắc,SinhHoc,75629,5.0559,5.0632,14,4.6024,5.9796
2022,Trung du và miền núi phía Bắc,Toan,212416,6.5474,22.7321,14,4.6968,7.0571
2022,Trung du và miền núi phía Bắc,VatLy,76114,6.6464,20.1841,14,6.4681,7.3913
2022,Tây Nguyên,HoaHoc,27706,6.5315,23.816,5,6.0801,7.0643
2022,Tây Nguyên,NgoaiNgu,63806,5.1263,10.8976,5,4.4109,6.2542
2022,Tây Nguyên,NguVan,70989,6.3135,10.9944,5,5.8237,7.0819
2022,Tây Nguyên,SinhHoc,27272,5.0108,3.8152,5,4.6355,5.7455
2022,Tây Nguyên,Toan,71305,6.4032,20.1604,5,5.8628,7.1453
2022,Tây Nguyên,VatLy,27690,6.5755,18.9424,5,6.3185,7.006
2022,Đông Nam Bộ,HoaHoc,33806,6.5756,21.4868,6,6.4441,6.7586
2022,Đông Nam Bộ,NgoaiNgu,78662,5.1037,8.7883,6,4.615,5.3438
2022,Đông Nam Bộ,NguVan,89172,6.2519,8.6618,6,5.9136,6.6379
2022,Đông Nam Bộ,SinhHoc,33425,4.9715,3.2719,6,4.6988,5.2934
2022,Đông Nam Bộ,Toan,89110,6.4022,16.5711,6,6.038,6.6775
2022,Đông Nam Bộ,VatLy,33672,6.4892,14.4785,6,6.352,6.6454
2022,Đồng bằng sông Cửu Long,HoaHoc,52650,6.4884,20.9968,13,6.0868,6.8952
2022,Đồng bằng sông Cửu Long,NgoaiNgu,131707,4.8841,7.2674,13,4.0463,5.8378
2022,Đồng bằng sông Cửu Long,NguVan,143260,6.3852,12.1589,13,5.4059,7.0255
2022,Đồng bằng sông Cửu Long,SinhHoc,51965,5.197,5.06,13,4.6153,5.7735
2022,Đồng bằng sông Cửu Long,Toan,142635,6.3407,16.1347,13,5.4812,6.8209
2022,Đồng bằng sông Cửu Long,VatLy,52034,6.4093,13.8408,13,6.034,6.7913
2022,Đồng bằng sông Hồng,HoaHoc,64338,6.7495,33.3756,10,6.3106,7.3347
2022,Đồng bằng sông Hồng,NgoaiNgu,197013,5.3911,16.4708,10,4.0302,5.8317
2022,Đồng bằng sông Hồng,NguVan,229931,6.6745,22.2706,10,5.7593,7.3626
2022,Đồng bằng sông Hồng,SinhHoc,63142,4.9147,4.352,10,4.6042,5.5119
2022,Đồng bằng sông Hồng,Toan,230410,6.6126,27.2216,10,5.2874,7.4022
2022,Đồng bằng sông Hồng,VatLy,64193,7.0216,32.3989,10,6.8413,7.504
2023,Bắc Trung Bộ và Duyên hải miền Trung,HoaHoc,68987,6.8803,26.6421,14,6.7081,7.1398
2023,Bắc Trung Bộ và Duyên hải miền Trung,NgoaiNgu,210114,5.1422,10.96,14,4.7496,5.7798
2023,Bắc Trung Bộ và Duyên hải miền Trung,NguVan,232386,6.974,28.8652,14,6.0034,7.7473
2023,Bắc Trung Bộ và Duyên hải miền Trung,SinhHoc,68115,6.2903,9.4944,14,5.9646,6.6551
2023,Bắc Trung Bộ và Duyên hải miền Trung,Toan,231601,6.1253,15.0507,14,5.6894,6.7193
2023,Bắc Trung Bộ và Duyên hải miền Trung,VatLy,68879,6.7431,26.0512,14,6.4105,7.1646
2023,Trung du và miền núi phía Bắc,HoaHoc,76528,6.7376,21.3708,14,6.3106,7.2285
2023,Trung du và miền núi phía Bắc,NgoaiNgu,182728,5.8537,21.3296,14,3.8336,6.7603
2023,Trung du và miền núi phía Bắc,NguVan,215298,6.6619,18.8059,14,5.2703,7.7683
2023,Trung du và miền núi phía Bắc,SinhHoc,75773,6.4439,11.5426,14,5.9982,6.9464
2023,Trung du và miền núi phía Bắc,Toan,214467,6.3328,16.0858,14,4.3154,6.919
2023,Trung du và miền núi phía Bắc,VatLy,76204,6.5,19.0423,14,6.1338,7.3451
2023,Tây Nguyên,HoaHoc,28584,6.6991,20.3715,5,6.4184,7.1964
2023,Tây Nguyên,NgoaiNgu,66247,5.4572,14.0822,5,4.6591,6.7163
2023,Tây Nguyên,NguVan,74455,6.6629,17.5019,5,6.1077,7.2301
2023,Tây Nguyên,SinhHoc,28292,6.4629,11.0605,5,6.0709,6.9995
2023,Tây Nguyên,Toan,74246,6.2346,13.6603,5,5.6112,7.0166
2023,Tây Nguyên,VatLy,28554,6.4829,18.2344,5,6.2086,6.8873
2023,Đông Nam Bộ,HoaHoc,34245,6.6589,17.3879,6,6.5561,6.7811
2023,Đông Nam Bộ,NgoaiNgu,80627,5.3773,11.2132,6,4.935,5.6674
2023,Đông Nam Bộ,NguVan,92662,6.5326,13.7226,6,6.2006,6.9485
2023,Đông Nam Bộ,SinhHoc,33947,6.3865,8.711,6,6.1871,6.5931
2023,Đông Nam Bộ,Toan,92159,6.1952,10.161,6,5.8523,6.4172
2023,Đông Nam Bộ,VatLy,34178,6.2967,13.4597,6,6.1453,6.5269
2023,Đồng bằng sông Cửu Long,HoaHoc,51351,6.6689,18.5926,13,6.2376,6.9742
2023,Đồng bằng sông Cửu Long,NgoaiNgu,131944,5.1727,9.2342,13,4.1105,6.192
2023,Đồng bằng sông Cửu Long,NguVan,144902,6.837,21.8699,13,6.22,7.5647
2023,Đồng bằng sông Cửu Long,SinhHoc,50792,6.6025,12.797,13,6.1521,7.0644
2023,Đồng bằng sông Cửu Long,Toan,143372,6.1334,10.2355,13,5.1117,6.6254
2023,Đồng bằng sông Cửu Long,VatLy,50973,6.286,13.864,13,5.8724,6.5891
2023,Đồng bằng sông Hồng,HoaHoc,66467,6.7365,26.9997,10,6.2964,7.2545
2023,Đồng bằng sông Hồng,NgoaiNgu,202996,5.6988,20.1778,10,4.1392,6.2108
2023,Đồng bằng sông Hồng,NguVan,241672,7.1269,33.2512,10,6.0669,7.8283
2023,Đồng bằng sông Hồng,SinhHoc,65761,6.2617,9.565,10,5.9645,6.7572
2023,Đồng bằng sông Hồng,Toan,240841,6.4098,20.0146,10,4.9384,7.1283
2023,Đồng bằng sông Hồng,VatLy,66453,6.9016,30.4319,10,6.4636,7.2977
2024,Bắc Trung Bộ và Duyên hải miền Trung,HoaHoc,72621,6.927,32.7776,14,6.5921,7.3301
2024,Bắc Trung Bộ và Duyên hải miền Trung,NgoaiNgu,213577,5.3066,10.6113,14,4.7321,5.8331
2024,Bắc Trung Bộ và Duyên hải miền Trung,NguVan,238152,7.3206,40.5172,14,6.3828,8.1687
2024,Bắc Trung Bộ và Duyên hải miền Trung,SinhHoc,71587,6.2846,10.3865,14,5.7559,6.8406
2024,Bắc Trung Bộ và Duyên hải miền Trung,Toan,237142,6.3975,18.9406,14,6.0259,6.9494
2024,Bắc Trung Bộ và Duyên hải miền Trung,VatLy,72472,6.8327,32.6195,14,6.3326,7.231
2024,Trung du và miền núi phía Bắc,HoaHoc,80889,6.5892,24.5113,14,6.2531,7.5162
2024,Trung du và miền núi phía Bắc,NgoaiNgu,191757,5.8611,20.3634,14,3.9158,6.7347
2024,Trung du và miền núi phía Bắc,NguVan,227149,6.992,28.4466,14,5.8992,7.9987
2024,Trung du và miền núi phía Bắc,SinhHoc,79911,6.2722,10.3256,14,5.6578,7.3198
2024,Trung du và miền núi phía Bắc,Toan,226468,6.4848,19.6375,14,4.5847,6.9836
2024,Trung du và miền núi phía Bắc,VatLy,80645,6.5436,24.2115,14,6.0072,7.4896
2024,Tây Nguyên,HoaHoc,29449,6.6689,25.5385,5,6.3278,7.1368
2024,Tây Nguyên,NgoaiNgu,68230,5.465,13.5074,5,4.6535,6.6528
2024,Tây Nguyên,NguVan,76324,6.9782,25.0782,5,6.5836,7.4616
2024,Tây Nguyên,SinhHoc,29101,6.3049,9.6522,5,5.8315,6.7714
2024,Tây Nguyên,Toan,76244,6.4,17.2031,5,5.8012,7.1324
2024,Tây Nguyên,VatLy,29442,6.6132,24.57,5,6.2489,7.046
2024,Đông Nam Bộ,HoaHoc,35685,6.5715,20.9606,6,6.4493,6.7049
2024,Đông Nam Bộ,NgoaiNgu,83310,5.3638,10.589,6,4.9313,5.6679
2024,Đông Nam Bộ,NguVan,95113,6.8204,19.9904,6,6.1182,7.3236
2024,Đông Nam Bộ,SinhHoc,35351,6.2518,8.2538,6,6.046,6.4306
2024,Đông Nam Bộ,Toan,94674,6.3683,13.6029,6,5.9893,6.5851
2024,Đông Nam Bộ,VatLy,35603,6.4315,19.5203,6,6.2501,6.6856
2024,Đồng bằng sông Cửu Long,HoaHoc,53875,6.6024,22.9275,13,6.0324,6.8927
2024,Đồng bằng sông Cửu Long,NgoaiNgu,136153,5.1827,8.7609,13,4.1318,6.2226
2024,Đồng bằng sông Cửu Long,NguVan,150118,7.2304,33.6639,13,6.4367,8.0939
2024,Đồng bằng sông Cửu Long,SinhHoc,53297,6.4756,11.9855,13,5.9681,7.0117
2024,Đồng bằng sông Cửu Long,Toan,148761,6.328,13.5491,13,5.2789,6.8888
2024,Đồng bằng sông Cửu Long,VatLy,53466,6.4446,20.0313,13,5.9895,6.7741
2024,Đồng bằng sông Hồng,HoaHoc,71973,6.655,30.4044,10,6.2195,7.2845
2024,Đồng bằng sông Hồng,NgoaiNgu,213001,5.7599,19.5114,10,4.3848,6.2048
2024,Đồng bằng sông Hồng,NguVan,256029,7.5982,49.5355,10,6.5222,8.0456
2024,Đồng bằng sông Hồng,SinhHoc,71111,6.161,9.049,10,5.7751,6.7581
2024,Đồng bằng sông Hồng,Toan,255262,6.589,24.4095,10,5.2406,7.2621
2024,Đồng bằng sông Hồng,VatLy,71986,6.9559,35.8204,10,6.6415,7.4599
2025,Bắc Trung Bộ và Duyên hải miền Trung,HoaHoc,55026,6.1924,21.7147,14,5.8751,6.737
2025,Bắc Trung Bộ và Duyên hải miền Trung,NgoaiNgu,64756,5.2265,4.2828,14,4.9485,5.4303
2025,Bắc Trung Bộ và Duyên hải miền Trung,NguVan,249109,7.2168,35.2913,14,6.1589,8.0351
2025,Bắc Trung Bộ và Duyên hải miền Trung,SinhHoc,14480,5.6825,11.6114,14,5.1409,6.4905
2025,Bắc Trung Bộ và Duyên hải miền Trung,Toan,248830,4.7383,5.9106,14,4.3258,5.1717
2025,Bắc Trung Bộ và Duyên hải miền Trung,VatLy,72728,7.0414,33.3737,14,6.7574,7.3783
2025,Trung du và miền núi phía Bắc,HoaHoc,51501,6.0508,19.721,14,5.0911,6.7074
2025,Trung du và miền núi phía Bắc,NgoaiNgu,92934,5.5596,7.0656,14,4.9707,5.7041
2025,Trung du và miền núi phía Bắc,NguVan,248704,6.9083,22.9763,14,5.5976,7.774
2025,Trung du và miền núi phía Bắc,SinhHoc,17436,5.8088,12.0155,14,4.2537,6.6082
2025,Trung du và miền núi phía Bắc,Toan,248723,4.8769,5.8365,14,3.4489,5.4503
2025,Trung du và miền núi phía Bắc,VatLy,78985,7.0124,31.1081,14,6.2527,7.5046
2025,Tây Nguyên,HoaHoc,20092,5.9462,16.7703,5,5.7451,6.2945
2025,Tây Nguyên,NgoaiNgu,25928,5.268,4.0979,5,5.018,5.7229
2025,Tây Nguyên,NguVan,81517,6.5908,12.3128,5,6.1801,6.8746
2025,Tây Nguyên,SinhHoc,4767,5.9525,12.2719,5,5.5869,6.6614
2025,Tây Nguyên,Toan,81546,4.7314,4.3086,5,4.295,5.4021
2025,Tây Nguyên,VatLy,30076,6.9612,29.5582,5,6.7093,7.3303
2025,Đông Nam Bộ,HoaHoc,23664,5.7054,12.4388,6,5.606,5.8061
2025,Đông Nam Bộ,NgoaiNgu,29986,5.085,2.8646,6,4.9015,5.2449
2025,Đông Nam Bộ,NguVan,99679,6.6123,12.6922,6,6.2219,6.8471
2025,Đông Nam Bộ,SinhHoc,6533,5.6681,7.0726,6,5.46,5.811
2025,Đông Nam Bộ,Toan,99648,4.5531,2.3745,6,4.2525,4.7254
2025,Đông Nam Bộ,VatLy,33267,6.719,22.3039,6,6.5791,6.8967
2025,Đồng bằng sông Cửu Long,HoaHoc,36672,5.754,13.7936,13,5.2363,6.1082
2025,Đồng bằng sông Cửu Long,NgoaiNgu,38679,5.0677,3.2264,13,4.7613,5.5539
2025,Đồng bằng sông Cửu Long,NguVan,157162,6.9545,21.8891,13,5.9801,7.3566
2025,Đồng bằng sông Cửu Long,SinhHoc,14912,5.7129,7.2957,13,5.0219,6.2627
2025,Đồng bằng sông Cửu Long,Toan,157027,4.4725,2.4121,13,3.8125,5.1104
2025,Đồng bằng sông Cửu Long,VatLy,48307,6.7142,22.8386,13,6.3424,6.9316
2025,Đồng bằng sông Hồng,HoaHoc,51510,6.3927,24.5866,10,5.6862,6.5599
2025,Đồng bằng sông Hồng,NgoaiNgu,104332,5.6372,8.732,10,5.1797,5.8173
2025,Đồng bằng sông Hồng,NguVan,283333,7.1693,33.9497,10,5.7915,7.6258
2025,Đồng bằng sông Hồng,SinhHoc,10963,5.9539,14.7117,10,4.7828,6.7012
2025,Đồng bằng sông Hồng,Toan,283190,5.0246,7.9215,10,3.629,5.6418
2025,Đồng bằng sông Hồng,VatLy,82497,7.1947,36.9907,10,6.6496,7.4057
