Tinh,TenTinh,Mon,n_years,mean_first,mean_last,change,volatility_std,max_yoy_abs_change,latest_count
9,Sơn La,SinhHoc,5,6.1207,5.1973,-0.9234,0.8378,2.1225,1138
57,An Giang,Toan,5,6.6566,4.4845,-2.1721,0.9252,2.1071,11473
50,TP. Hồ Chí Minh,Toan,5,6.4987,4.3654,-2.1333,0.9205,2.0563,17241
51,Long An,Toan,5,6.8354,4.5667,-2.2687,0.9147,2.0169,20653
60,Hậu Giang,Toan,5,6.7996,4.6242,-2.1754,0.9042,1.9553,6661
53,Bến Tre,Toan,5,6.9351,4.8267,-2.1084,0.8796,1.9082,16540
55,Vĩnh Long,Toan,5,6.6077,4.5927,-2.015,0.8475,1.8996,13169
61,Sóc Trăng,Toan,5,6.3091,4.2585,-2.0506,0.8578,1.882,10852
56,Đồng Tháp,Toan,5,6.6697,4.5907,-2.079,0.8571,1.8698,12188
49,Bà Rịa - Vũng Tàu,Toan,5,6.62,4.7254,-1.8946,0.8328,1.8597,15662
37,Khánh Hòa,Toan,5,6.8069,4.6963,-2.1106,0.8585,1.8326,19764
42,Đắk Lắk,Toan,5,6.8096,4.6852,-2.1244,0.8621,1.8309,16600
54,Trà Vinh,Toan,5,6.1805,4.2582,-1.9223,0.7985,1.8218,15183
8,Lai Châu,Toan,5,6.2232,4.1636,-2.0596,0.8666,1.8198,8926
19,Hải Dương,Toan,5,6.9588,5.1924,-1.7664,0.7653,1.8086,19308
46,Tây Ninh,Toan,5,6.6578,4.4769,-2.1809,0.871,1.8076,10912
47,Bình Dương,Toan,5,6.5909,4.557,-2.0339,0.8294,1.8007,13286
27,Nghệ An,Toan,5,7.0615,5.1552,-1.9063,0.8034,1.7942,12288
14,Quảng Ninh,SinhHoc,5,5.7117,4.7828,-0.9289,0.7509,1.7875,1346
52,Tiền Giang,Toan,5,6.9476,5.1104,-1.8372,0.7653,1.7784,14087
58,Kiên Giang,NguVan,5,6.1541,7.3566,1.2025,0.96,1.7643,10043
59,Cần Thơ,Toan,5,6.075,4.0724,-2.0026,0.8183,1.7596,11093
64,,Toan,5,6.0411,4.1366,-1.9045,0.7842,1.7459,7202
43,Đắk Nông,Toan,5,6.6083,4.6855,-1.9228,0.7746,1.7407,11878
58,Kiên Giang,Toan,5,5.9627,4.0312,-1.9315,0.7832,1.7406,10030
45,Bình Phước,Toan,5,6.2048,4.2525,-1.9523,0.8009,1.7368,6140
26,Thanh Hóa,Toan,5,7.0584,5.1717,-1.8867,0.7924,1.7346,23789
2,Hà Giang,Toan,5,7.1604,5.2519,-1.9085,0.8002,1.7317,96488
44,Lâm Đồng,Toan,5,7.1318,5.4021,-1.7297,0.764,1.7303,16713
24,Nam Định,Toan,5,7.1093,5.1696,-1.9397,0.8006,1.7242,10172
38,Ninh Thuận,Toan,5,6.2983,4.3258,-1.9725,0.7881,1.7209,15560
48,Đồng Nai,Toan,5,6.5249,4.6401,-1.8848,0.7664,1.7019,36407
39,Bình Thuận,Toan,5,6.4258,4.6108,-1.815,0.7486,1.6915,10516
31,Thừa Thiên Huế,Toan,5,6.147,4.437,-1.71,0.7101,1.6787,11517
18,Bắc Ninh,Toan,5,6.6386,4.728,-1.9106,0.7737,1.6573,23593
30,Quảng Trị,Toan,5,6.6407,4.8466,-1.7941,0.7456,1.6558,16886
22,Thái Bình,Toan,5,6.776,4.7967,-1.9793,0.8025,1.6502,17926
41,Gia Lai,Toan,5,6.538,4.7088,-1.8292,0.7556,1.6382,14427
33,Quảng Nam,Toan,5,6.6503,4.8791,-1.7712,0.7281,1.6371,13518
15,Bắc Giang,Toan,5,6.5341,4.8208,-1.7133,0.7208,1.6342,18451
29,Quảng Bình,Toan,5,6.4698,4.8167,-1.6531,0.6931,1.6268,39010
34,Quảng Ngãi,Toan,5,6.5177,4.6394,-1.8783,0.7618,1.6233,17892
25,Ninh Bình,Toan,5,7.4229,5.6418,-1.7811,0.7527,1.6203,23209
21,Hưng Yên,Toan,5,6.9194,5.0284,-1.891,0.7592,1.6144,26404
43,Đắk Nông,SinhHoc,5,5.4814,6.1068,0.6254,0.7013,1.6133,507
13,Lạng Sơn,Toan,5,5.8364,4.0045,-1.8319,0.7361,1.612,9048
14,Quảng Ninh,Toan,5,5.2591,3.629,-1.6301,0.7085,1.6116,12380
63,Cà Mau,Toan,5,6.1742,4.229,-1.9452,0.7817,1.6105,8255
9,Sơn La,Toan,5,5.8665,4.4838,-1.3827,0.6295,1.6037,9756
3,Cao Bằng,Toan,5,6.9635,5.1953,-1.7682,0.7408,1.5992,28752
7,Điện Biên,SinhHoc,5,5.7172,4.7104,-1.0068,0.7037,1.5962,637
36,Phú Yên,Toan,5,6.3723,4.5107,-1.8616,0.7669,1.5946,5088
35,Bình Định,Toan,5,6.5934,4.7602,-1.8332,0.7365,1.5942,14061
10,Yên Bái,Toan,5,5.5715,3.9386,-1.6329,0.6943,1.5794,9517
28,Hà Tĩnh,Toan,5,6.277,4.6038,-1.6732,0.6856,1.5669,40105
52,Tiền Giang,SinhHoc,5,5.369,5.9769,0.6079,0.6656,1.5662,562
11,Hòa Bình,Toan,5,5.7379,3.7769,-1.961,0.7794,1.5534,3065
39,Bình Thuận,SinhHoc,5,5.3521,5.7093,0.3572,0.6074,1.5485,648
7,Điện Biên,Toan,5,6.0606,4.0657,-1.9949,0.7839,1.5334,4178
32,Đà Nẵng,Toan,5,6.2728,4.4957,-1.7771,0.7311,1.5302,8836
17,Vĩnh Phúc,Toan,5,6.1384,4.5491,-1.5893,0.6543,1.5263,19433
23,Hà Nam,Toan,5,5.1906,3.9107,-1.2799,0.622,1.523,10488
12,Thái Nguyên,Toan,5,6.1376,4.4304,-1.7072,0.6869,1.5184,18504
46,Tây Ninh,SinhHoc,5,5.68,5.6683,-0.0117,0.5904,1.515,665
27,Nghệ An,NguVan,5,6.8175,6.6604,-0.1571,0.6185,1.5083,12288
40,Kon Tum,Toan,5,6.1718,4.295,-1.8768,0.7291,1.5062,21928
16,Phú Thọ,Toan,5,6.8238,5.4503,-1.3735,0.6453,1.4993,16201
28,Hà Tĩnh,SinhHoc,5,5.1969,5.6146,0.4177,0.6775,1.4918,2140
48,Đồng Nai,SinhHoc,5,5.411,5.7676,0.3566,0.5952,1.4883,1784
7,Điện Biên,NguVan,5,5.6503,6.3615,0.7112,0.6429,1.4722,4209
1,Hà Nội,Toan,5,6.951,5.2753,-1.6757,0.6785,1.472,120277
62,Bạc Liêu,Toan,5,5.5672,3.8125,-1.7547,0.7143,1.4664,6843
41,Gia Lai,SinhHoc,5,5.338,5.9037,0.5657,0.5916,1.4652,695
45,Bình Phước,SinhHoc,4,5.3843,6.0619,0.6776,0.6629,1.4572,1850
2,Hà Giang,SinhHoc,5,5.577,6.2662,0.6892,0.604,1.446,8008
4,Bắc Kạn,Toan,5,6.8475,5.1749,-1.6726,0.6863,1.4409,13964
40,Kon Tum,SinhHoc,5,5.2836,5.5869,0.3033,0.5559,1.4354,1406
21,Hưng Yên,SinhHoc,5,5.3605,6.2851,0.9246,0.6636,1.435,707
51,Long An,SinhHoc,5,6.1675,6.0257,-0.1418,0.5741,1.4334,2033
53,Bến Tre,SinhHoc,5,5.7401,5.7627,0.0226,0.5725,1.4287,1292
47,Bình Dương,SinhHoc,5,5.7887,5.811,0.0223,0.5722,1.4243,611
63,Cà Mau,SinhHoc,5,5.2796,5.4404,0.1608,0.5683,1.4243,622
59,Cần Thơ,SinhHoc,5,5.6454,5.25,-0.3954,0.6466,1.4235,1259
62,Bạc Liêu,NgoaiNgu,5,4.4855,5.5539,1.0684,0.6321,1.4221,580
13,Lạng Sơn,SinhHoc,5,5.5587,4.976,-0.5827,0.5962,1.4205,885
32,Đà Nẵng,SinhHoc,4,5.2662,5.9556,0.6894,0.653,1.4204,2351
42,Đắk Lắk,SinhHoc,5,5.9127,5.8149,-0.0978,0.577,1.4138,1253
1,Hà Nội,SinhHoc,5,5.0338,6.37,1.3362,0.7301,1.408,3681
31,Thừa Thiên Huế,SinhHoc,5,5.3172,5.1409,-0.1763,0.707,1.4049,867
12,Thái Nguyên,SinhHoc,5,5.3288,5.7422,0.4134,0.5829,1.4003,947
4,Bắc Kạn,SinhHoc,5,5.1862,6.4462,1.26,0.7145,1.3958,744
61,Sóc Trăng,SinhHoc,5,5.7402,5.5976,-0.1426,0.5601,1.3955,1358
6,Lào Cai,Toan,5,5.3028,3.7071,-1.5957,0.6481,1.3953,4826
56,Đồng Tháp,SinhHoc,5,6.136,5.8983,-0.2377,0.5623,1.3914,840
58,Kiên Giang,SinhHoc,5,5.9842,5.2148,-0.7694,0.6798,1.3896,1155
33,Quảng Nam,SinhHoc,5,5.5342,5.8087,0.2745,0.5394,1.3873,1089
54,Trà Vinh,SinhHoc,5,5.841,5.5461,-0.2949,0.6102,1.3835,1629
19,Hải Dương,NguVan,5,6.5537,6.585,0.0313,0.6126,1.3807,19309
35,Bình Định,SinhHoc,5,5.0312,5.8968,0.8656,0.6079,1.3776,547
3,Cao Bằng,SinhHoc,5,5.5253,6.3264,0.8011,0.6079,1.3654,657
29,Quảng Bình,SinhHoc,5,5.1671,5.3493,0.1822,0.6973,1.3604,3437
22,Thái Bình,SinhHoc,5,5.1485,5.737,0.5885,0.561,1.3603,820
19,Hải Dương,SinhHoc,4,5.0667,6.2168,1.1501,0.7268,1.3553,6170
49,Bà Rịa - Vũng Tàu,SinhHoc,5,5.6328,5.594,-0.0388,0.5803,1.3531,1270
36,Phú Yên,SinhHoc,4,5.6774,6.3143,0.6369,0.6191,1.3406,1496
3,Cao Bằng,NguVan,5,6.3571,6.9423,0.5852,0.6474,1.3309,28721
60,Hậu Giang,SinhHoc,5,6.0673,5.8943,-0.173,0.5507,1.3172,662
23,Hà Nam,SinhHoc,5,5.2035,5.076,-0.1275,0.6888,1.3116,806
55,Vĩnh Long,SinhHoc,5,6.1587,6.2627,0.104,0.49,1.3064,1579
64,,SinhHoc,5,5.7417,5.5225,-0.2192,0.5631,1.3039,804
37,Khánh Hòa,SinhHoc,5,5.4876,6.1531,0.6655,0.5712,1.3024,828
24,Nam Định,SinhHoc,4,5.58,6.2198,0.6398,0.5986,1.3021,3154
38,Ninh Thuận,SinhHoc,5,5.4794,5.4767,-0.0027,0.5357,1.3014,1034
50,TP. Hồ Chí Minh,SinhHoc,5,5.8619,5.6187,-0.2432,0.5461,1.2997,1812
15,Bắc Giang,SinhHoc,5,5.6096,5.7427,0.1331,0.5808,1.2987,979
17,Vĩnh Phúc,SinhHoc,5,5.3153,6.0252,0.7099,0.5909,1.2976,741
16,Phú Thọ,SinhHoc,5,5.7936,6.6082,0.8146,0.6498,1.2924,540
57,An Giang,SinhHoc,5,6.5014,5.8845,-0.6169,0.6068,1.2909,1265
44,Lâm Đồng,SinhHoc,5,6.2827,6.6614,0.3787,0.4913,1.254,906
25,Ninh Bình,SinhHoc,5,5.866,5.9919,0.1259,0.5597,1.2493,1259
18,Bắc Ninh,SinhHoc,5,5.362,6.2736,0.9116,0.5764,1.2169,763
10,Yên Bái,SinhHoc,4,5.6262,6.3273,0.7011,0.5716,1.2076,1174
27,Nghệ An,SinhHoc,4,5.8191,6.8406,1.0215,0.6643,1.2046,3759
34,Quảng Ngãi,SinhHoc,5,5.3272,6.0786,0.7514,0.5174,1.1931,696
8,Lai Châu,SinhHoc,5,5.9415,5.3127,-0.6288,0.576,1.1846,763
9,Sơn La,HoaHoc,5,7.0226,6.3507,-0.6719,0.4598,1.1655,1358
23,Hà Nam,HoaHoc,5,6.5113,5.9345,-0.5768,0.4894,1.1634,1317
62,Bạc Liêu,SinhHoc,5,5.6987,5.0219,-0.6768,0.5729,1.1626,656
7,Điện Biên,HoaHoc,5,6.656,5.0911,-1.5649,0.6155,1.162,844
26,Thanh Hóa,SinhHoc,5,5.5247,5.825,0.3003,0.5217,1.1523,1076
5,Tuyên Quang,Toan,5,4.9156,3.4489,-1.4667,0.57,1.1358,7047
30,Quảng Trị,SinhHoc,5,5.3558,6.1853,0.8295,0.6527,1.1356,885
14,Quảng Ninh,HoaHoc,5,6.6819,5.6862,-0.9957,0.5136,1.1222,1329
64,,HoaHoc,5,6.5431,5.5315,-1.0116,0.4795,1.1215,1670
6,Lào Cai,SinhHoc,3,5.3321,6.1194,0.7873,0.5611,1.0863,580
58,Kiên Giang,HoaHoc,5,6.5441,5.3857,-1.1584,0.504,1.0833,2015
51,Long An,NgoaiNgu,5,6.2838,4.9593,-1.3245,0.498,1.0695,5627
62,Bạc Liêu,HoaHoc,5,6.7304,5.5751,-1.1553,0.5287,1.0623,869
5,Tuyên Quang,NgoaiNgu,5,4.173,4.9707,0.7977,0.4894,1.0549,846
25,Ninh Bình,NguVan,5,6.8216,7.0019,0.1803,0.4706,1.0435,23175
50,TP. Hồ Chí Minh,HoaHoc,5,6.6744,5.606,-1.0684,0.4751,1.0414,4630
49,Bà Rịa - Vũng Tàu,HoaHoc,5,6.631,5.6712,-0.9598,0.4721,1.0337,4848
2,Hà Giang,NgoaiNgu,5,7.229,5.7041,-1.5249,0.5651,1.0306,49066
36,Phú Yên,NguVan,5,6.076,6.1589,0.0829,0.4983,1.0243,5104
52,Tiền Giang,NguVan,5,6.6385,6.8397,0.2012,0.4048,1.0234,14096
31,Thừa Thiên Huế,HoaHoc,5,6.5707,6.0495,-0.5212,0.4107,1.0104,1795
24,Nam Định,NguVan,5,7.1458,7.0484,-0.0974,0.4338,0.9972,10176
53,Bến Tre,HoaHoc,5,6.6487,5.8515,-0.7972,0.4191,0.9801,4995
47,Bình Dương,NgoaiNgu,5,5.9672,4.9656,-1.0016,0.4062,0.9747,4427
4,Bắc Kạn,NguVan,5,5.5906,5.5976,0.007,0.4031,0.9693,13923
63,Cà Mau,HoaHoc,5,6.3575,5.3912,-0.9663,0.4621,0.9537,1860
56,Đồng Tháp,HoaHoc,5,6.8542,5.9499,-0.9043,0.4115,0.9412,3134
44,Lâm Đồng,NgoaiNgu,5,7.1064,5.7229,-1.3835,0.5248,0.9299,6479
14,Quảng Ninh,NgoaiNgu,5,4.4137,5.3119,0.8982,0.5052,0.9271,1082
23,Hà Nam,NgoaiNgu,5,4.3774,5.3859,1.0085,0.4583,0.9169,1440
42,Đắk Lắk,HoaHoc,5,6.7907,5.8227,-0.968,0.4319,0.9032,3929
27,Nghệ An,NgoaiNgu,5,6.3594,5.3836,-0.9758,0.3863,0.9,3571
57,An Giang,NgoaiNgu,5,5.9922,5.0501,-0.9421,0.3804,0.8994,2380
52,Tiền Giang,NgoaiNgu,5,6.7356,5.3661,-1.3695,0.5076,0.8978,6699
42,Đắk Lắk,NgoaiNgu,5,6.1993,5.1863,-1.013,0.3934,0.8977,5047
51,Long An,HoaHoc,5,6.8089,5.9252,-0.8837,0.3968,0.892,4707
47,Bình Dương,HoaHoc,5,6.6855,5.8061,-0.8794,0.4017,0.8915,2493
29,Quảng Bình,HoaHoc,5,6.6548,6.3083,-0.3465,0.3567,0.8888,8470
28,Hà Tĩnh,HoaHoc,5,6.6595,5.9955,-0.664,0.3502,0.8787,8444
23,Hà Nam,NguVan,5,6.0171,6.3726,0.3555,0.4044,0.8687,10530
54,Trà Vinh,HoaHoc,5,6.305,5.5436,-0.7614,0.3755,0.8647,2978
57,An Giang,HoaHoc,5,6.8852,6.029,-0.8562,0.391,0.8637,2611
32,Đà Nẵng,NguVan,5,5.7422,7.1453,1.4031,0.6257,0.8504,8848
10,Yên Bái,NgoaiNgu,5,4.9328,5.4822,0.5494,0.4308,0.8474,1507
46,Tây Ninh,HoaHoc,5,6.4869,5.6357,-0.8512,0.3855,0.8459,2682
43,Đắk Nông,HoaHoc,5,6.3559,5.7565,-0.5994,0.3429,0.8444,3034
44,Lâm Đồng,HoaHoc,5,7.0496,6.2945,-0.7551,0.3702,0.8423,5374
25,Ninh Bình,NgoaiNgu,5,6.4555,5.3553,-1.1002,0.4077,0.842,7125
13,Lạng Sơn,HoaHoc,5,6.7047,6.1931,-0.5116,0.3816,0.8387,953
25,Ninh Bình,HoaHoc,5,7.175,6.4504,-0.7246,0.3676,0.8341,9080
59,Cần Thơ,HoaHoc,5,6.2926,5.457,-0.8356,0.3932,0.8309,1987
36,Phú Yên,HoaHoc,5,6.599,5.9365,-0.6625,0.3809,0.8263,1208
26,Thanh Hóa,NgoaiNgu,5,5.9689,5.3268,-0.6421,0.324,0.8181,7189
63,Cà Mau,NguVan,5,5.5084,6.5243,1.0159,0.5416,0.8141,8251
60,Hậu Giang,NgoaiNgu,5,5.8506,5.2298,-0.6208,0.3294,0.8128,1190
53,Bến Tre,NgoaiNgu,5,6.0232,4.9865,-1.0367,0.386,0.8123,5130
33,Quảng Nam,NgoaiNgu,5,5.7042,5.2085,-0.4957,0.2942,0.8053,4662
45,Bình Phước,HoaHoc,5,6.5134,5.6753,-0.8381,0.374,0.8038,1286
26,Thanh Hóa,HoaHoc,5,6.8864,6.17,-0.7164,0.3606,0.803,6200
41,Gia Lai,NguVan,5,5.6983,6.8746,1.1763,0.6345,0.8029,14427
48,Đồng Nai,NgoaiNgu,5,6.1436,5.2449,-0.8987,0.3519,0.7998,12371
61,Sóc Trăng,HoaHoc,5,6.1954,5.2363,-0.9591,0.4116,0.7961,2816
21,Hưng Yên,NgoaiNgu,5,5.9691,5.4473,-0.5218,0.3145,0.7951,7752
5,Tuyên Quang,NguVan,5,5.3215,5.9613,0.6398,0.3994,0.7824,7108
59,Cần Thơ,NguVan,5,7.0286,7.2684,0.2398,0.5014,0.7745,11153
60,Hậu Giang,HoaHoc,5,6.7013,5.9259,-0.7754,0.342,0.7745,1829
56,Đồng Tháp,NguVan,5,6.2807,6.93,0.6493,0.4187,0.7739,12172
41,Gia Lai,NgoaiNgu,5,6.0412,5.1536,-0.8876,0.3427,0.7692,5528
43,Đắk Nông,NguVan,5,5.9813,6.7266,0.7453,0.4395,0.7582,11884
29,Quảng Bình,NguVan,5,7.0232,8.0351,1.0119,0.4842,0.7579,39062
24,Nam Định,NgoaiNgu,5,5.8749,5.3339,-0.541,0.278,0.7565,3225
18,Bắc Ninh,NgoaiNgu,5,5.8291,5.2783,-0.5508,0.2777,0.7562,6043
22,Thái Bình,NguVan,5,6.0394,6.6782,0.6388,0.4537,0.7559,17928
15,Bắc Giang,NgoaiNgu,5,5.8183,5.3971,-0.4212,0.2683,0.7542,5012
3,Cao Bằng,NgoaiNgu,5,6.5122,5.4603,-1.0519,0.3874,0.7361,12835
14,Quảng Ninh,NguVan,5,6.1225,5.7915,-0.331,0.2999,0.7307,12560
8,Lai Châu,HoaHoc,5,6.5944,5.58,-1.0144,0.5182,0.7283,1167
36,Phú Yên,NgoaiNgu,5,5.3075,5.2715,-0.036,0.323,0.728,988
43,Đắk Nông,NgoaiNgu,5,5.5949,5.018,-0.5769,0.2758,0.7269,3710
54,Trà Vinh,NgoaiNgu,5,5.3188,4.8909,-0.4279,0.266,0.7265,3319
37,Khánh Hòa,NgoaiNgu,5,6.0334,4.9485,-1.0849,0.4102,0.7231,7324
56,Đồng Tháp,NgoaiNgu,5,5.6566,4.9864,-0.6702,0.2883,0.7221,2954
12,Thái Nguyên,HoaHoc,5,6.8118,6.0892,-0.7226,0.354,0.7198,3233
12,Thái Nguyên,NguVan,5,6.1979,6.7757,0.5778,0.3727,0.7171,18426
38,Ninh Thuận,HoaHoc,5,6.6083,5.8751,-0.7332,0.3737,0.717,3735
55,Vĩnh Long,HoaHoc,5,6.8767,6.1082,-0.7685,0.3375,0.7066,3518
17,Vĩnh Phúc,NguVan,5,6.2986,7.1097,0.8111,0.4528,0.7034,19434
11,Hòa Bình,NgoaiNgu,4,4.9082,4.2626,-0.6456,0.3223,0.7029,2516
4,Bắc Kạn,NgoaiNgu,5,6.4474,5.4073,-1.0401,0.3969,0.6987,7201
6,Lào Cai,NgoaiNgu,5,4.5147,5.0818,0.5671,0.3499,0.6973,798
35,Bình Định,HoaHoc,5,6.7536,6.1481,-0.6055,0.3222,0.6963,3490
45,Bình Phước,NgoaiNgu,5,5.3084,4.9015,-0.4069,0.2464,0.6934,1617
61,Sóc Trăng,NgoaiNgu,5,5.1651,4.8614,-0.3037,0.2444,0.6895,2194
24,Nam Định,HoaHoc,5,7.029,6.3662,-0.6628,0.3018,0.6887,2500
10,Yên Bái,NguVan,5,6.2256,6.3093,0.0837,0.3305,0.6867,9556
40,Kon Tum,HoaHoc,5,6.5493,5.7451,-0.8042,0.3176,0.6867,4713
38,Ninh Thuận,NgoaiNgu,5,5.2586,5.1283,-0.1303,0.2736,0.6863,3237
40,Kon Tum,NgoaiNgu,5,5.094,5.0791,-0.0149,0.2979,0.6831,5164
7,Điện Biên,NgoaiNgu,4,4.9467,4.2492,-0.6975,0.3304,0.6793,3758
39,Bình Thuận,HoaHoc,5,6.5742,5.9415,-0.6327,0.3206,0.679,2441
58,Kiên Giang,NgoaiNgu,5,4.8649,4.8425,-0.0224,0.2982,0.6789,1530
22,Thái Bình,NgoaiNgu,5,5.6569,5.1797,-0.4772,0.2481,0.6773,4608
37,Khánh Hòa,HoaHoc,5,6.807,6.1649,-0.6421,0.3384,0.6771,4069
27,Nghệ An,HoaHoc,5,7.006,6.5014,-0.5046,0.3154,0.6699,2892
15,Bắc Giang,HoaHoc,5,7.0369,6.3839,-0.653,0.2991,0.6685,2813
51,Long An,NguVan,5,7.0648,7.1923,0.1275,0.3505,0.6681,20677
48,Đồng Nai,HoaHoc,5,6.6026,5.7833,-0.8193,0.3358,0.666,7725
15,Bắc Giang,NguVan,5,6.3947,7.2089,0.8142,0.5368,0.662,18458
53,Bến Tre,NguVan,5,6.971,7.0227,0.0517,0.3415,0.6604,16524
63,Cà Mau,NgoaiNgu,5,4.7693,4.9177,0.1484,0.3278,0.6449,1409
55,Vĩnh Long,NgoaiNgu,5,5.8239,5.3745,-0.4494,0.234,0.6442,3530
21,Hưng Yên,NguVan,5,6.614,7.1273,0.5133,0.4626,0.6441,26387
17,Vĩnh Phúc,NgoaiNgu,5,5.8755,5.5863,-0.2892,0.2461,0.6418,6138
1,Hà Nội,NgoaiNgu,5,6.4637,5.8173,-0.6464,0.2772,0.632,60962
28,Hà Tĩnh,NgoaiNgu,5,5.1408,5.3168,0.176,0.3054,0.6287,9522
39,Bình Thuận,NgoaiNgu,5,5.2657,5.0112,-0.2545,0.2233,0.6275,3177
54,Trà Vinh,NguVan,5,6.3236,6.9597,0.6361,0.4787,0.6261,15205
32,Đà Nẵng,NgoaiNgu,5,5.1439,5.259,0.1151,0.3054,0.6224,2210
34,Quảng Ngãi,HoaHoc,5,6.6363,6.0962,-0.5401,0.3275,0.619,4355
16,Phú Thọ,NgoaiNgu,5,6.2729,5.5608,-0.7121,0.2987,0.618,5633
2,Hà Giang,VatLy,5,6.283,6.9573,0.6743,0.2766,0.6169,42434
19,Hải Dương,HoaHoc,5,6.8322,6.5599,-0.2723,0.2758,0.6128,4767
44,Lâm Đồng,NguVan,5,6.8033,6.8543,0.051,0.2718,0.6073,16701
59,Cần Thơ,NgoaiNgu,5,5.0536,4.7613,-0.2923,0.2171,0.6053,2137
49,Bà Rịa - Vũng Tàu,NguVan,5,6.6528,6.7999,0.1471,0.3013,0.6032,15707
16,Phú Thọ,NguVan,5,6.8339,7.774,0.9401,0.4362,0.6028,16202
8,Lai Châu,NgoaiNgu,5,5.2363,5.3844,0.1481,0.2949,0.6024,1665
34,Quảng Ngãi,NgoaiNgu,5,5.3228,5.0849,-0.2379,0.2134,0.5988,4563
50,TP. Hồ Chí Minh,NgoaiNgu,5,5.5825,5.0474,-0.5351,0.2336,0.5965,3521
30,Quảng Trị,HoaHoc,5,6.919,6.737,-0.182,0.2401,0.5931,3150
2,Hà Giang,HoaHoc,5,6.5341,5.9046,-0.6295,0.3117,0.5897,27166
57,An Giang,NguVan,5,5.9928,5.9801,-0.0127,0.2791,0.5894,11462
49,Bà Rịa - Vũng Tàu,NgoaiNgu,5,5.7786,4.9042,-0.8744,0.3231,0.5887,5212
46,Tây Ninh,NgoaiNgu,5,5.5144,5.0574,-0.457,0.2178,0.5846,2838
52,Tiền Giang,HoaHoc,5,6.4006,5.7719,-0.6287,0.2564,0.5834,3353
39,Bình Thuận,NguVan,5,5.6671,6.4893,0.8222,0.4638,0.5827,10547
13,Lạng Sơn,NgoaiNgu,5,5.5139,5.1642,-0.3497,0.2479,0.5643,1845
1,Hà Nội,NguVan,5,6.7881,7.6258,0.8377,0.4905,0.5638,120258
19,Hải Dương,NgoaiNgu,5,5.9905,5.432,-0.5585,0.2875,0.5613,5957
18,Bắc Ninh,HoaHoc,5,6.7087,6.2366,-0.4721,0.2683,0.5536,4383
64,,NguVan,5,6.2763,7.3336,1.0573,0.5029,0.5505,7215
12,Thái Nguyên,NgoaiNgu,5,5.2666,5.2363,-0.0303,0.2249,0.5478,4113
16,Phú Thọ,HoaHoc,5,6.9097,6.7074,-0.2023,0.2204,0.5453,3150
48,Đồng Nai,NguVan,5,5.9062,6.4406,0.5344,0.3566,0.541,36360
64,,NgoaiNgu,5,4.5907,4.8332,0.2425,0.2848,0.5311,1106
50,TP. Hồ Chí Minh,NguVan,5,6.7968,6.7939,-0.0029,0.261,0.5297,17241
28,Hà Tĩnh,NguVan,5,7.0529,7.6089,0.556,0.384,0.4966,40250
6,Lào Cai,HoaHoc,4,6.4685,6.4028,-0.0657,0.2706,0.4939,653
2,Hà Giang,NguVan,5,6.4793,7.1408,0.6615,0.307,0.4857,96190
55,Vĩnh Long,VatLy,5,6.4232,6.9257,0.5025,0.2187,0.4812,4068
40,Kon Tum,NguVan,5,6.1085,6.1801,0.0716,0.2261,0.4759,21937
33,Quảng Nam,NguVan,5,6.3468,7.1938,0.847,0.418,0.4707,13523
26,Thanh Hóa,NguVan,5,6.4763,6.9998,0.5235,0.379,0.4703,23706
35,Bình Định,NgoaiNgu,5,5.5045,5.0422,-0.4623,0.2331,0.4702,3829
39,Bình Thuận,VatLy,5,6.3284,6.7941,0.4657,0.193,0.4615,3083
40,Kon Tum,VatLy,5,6.4218,6.7093,0.2875,0.2003,0.4604,6341
32,Đà Nẵng,HoaHoc,5,6.6157,6.2589,-0.3568,0.2185,0.4592,1771
24,Nam Định,VatLy,5,6.9789,7.3871,0.4082,0.1932,0.4588,3310
29,Quảng Bình,NgoaiNgu,5,4.9736,5.4303,0.4567,0.3411,0.4508,8221
41,Gia Lai,VatLy,5,6.2921,6.8008,0.5087,0.2111,0.4465,5417
21,Hưng Yên,HoaHoc,5,6.7353,6.4429,-0.2924,0.2722,0.444,5313
38,Ninh Thuận,NguVan,5,5.9187,6.6155,0.6968,0.3105,0.4383,15568
18,Bắc Ninh,NguVan,5,6.7166,7.0951,0.3785,0.3172,0.4342,23576
8,Lai Châu,NguVan,5,6.5336,6.8561,0.3225,0.2795,0.4322,8967
12,Thái Nguyên,VatLy,5,6.6223,6.941,0.3187,0.1738,0.4312,3918
42,Đắk Lắk,NguVan,5,6.6776,6.5244,-0.1532,0.2404,0.4303,16568
34,Quảng Ngãi,NguVan,5,6.0443,6.8073,0.763,0.33,0.4245,17925
8,Lai Châu,VatLy,5,6.5648,6.8244,0.2596,0.171,0.4244,1480
31,Thừa Thiên Huế,NguVan,5,6.162,6.8994,0.7374,0.3572,0.4228,11525
27,Nghệ An,VatLy,5,7.0087,7.3783,0.3696,0.1784,0.4192,3581
1,Hà Nội,VatLy,5,6.7479,7.2243,0.4764,0.1924,0.4178,34042
10,Yên Bái,HoaHoc,5,6.4928,6.0326,-0.4602,0.2326,0.4157,1124
31,Thừa Thiên Huế,NgoaiNgu,5,5.0378,5.2664,0.2286,0.2585,0.4143,1900
19,Hải Dương,VatLy,5,7.0947,7.4057,0.311,0.1634,0.4093,6857
35,Bình Định,NguVan,5,6.5754,6.7227,0.1473,0.2018,0.4065,14073
30,Quảng Trị,NguVan,5,7.0521,7.9135,0.8614,0.3754,0.4064,16894
32,Đà Nẵng,VatLy,5,6.5859,7.0361,0.4502,0.1974,0.4063,2583
33,Quảng Nam,HoaHoc,5,7.0001,6.5725,-0.4276,0.1975,0.4058,3006
23,Hà Nam,VatLy,5,6.5521,6.8578,0.3057,0.1523,0.4048,1552
30,Quảng Trị,NgoaiNgu,5,5.3596,5.3324,-0.0272,0.2385,0.4029,4363
4,Bắc Kạn,VatLy,5,6.5189,7.0264,0.5075,0.2126,0.3988,6174
14,Quảng Ninh,VatLy,5,6.538,6.6496,0.1116,0.1492,0.3953,1424
22,Thái Bình,HoaHoc,5,6.9003,6.3175,-0.5828,0.2479,0.3943,3630
9,Sơn La,NgoaiNgu,5,5.0234,5.395,0.3716,0.2963,0.3794,1565
9,Sơn La,VatLy,5,6.6024,7.1584,0.556,0.2458,0.37,1720
54,Trà Vinh,VatLy,5,6.0601,6.5989,0.5388,0.2144,0.3654,3785
13,Lạng Sơn,NguVan,5,6.2481,6.8169,0.5688,0.2779,0.3623,9095
49,Bà Rịa - Vũng Tàu,VatLy,5,6.1189,6.6541,0.5352,0.208,0.3601,6519
60,Hậu Giang,VatLy,5,6.5316,6.7382,0.2066,0.1719,0.3568,2262
34,Quảng Ngãi,VatLy,5,6.6496,6.9397,0.2901,0.1528,0.3561,7022
7,Điện Biên,VatLy,5,6.407,6.4017,-0.0053,0.147,0.3553,792
61,Sóc Trăng,VatLy,5,6.0082,6.3424,0.3342,0.1647,0.3529,3016
30,Quảng Trị,VatLy,5,6.9503,7.3655,0.4152,0.1583,0.3405,4116
46,Tây Ninh,NguVan,5,6.901,6.8471,-0.0539,0.1515,0.3392,10891
46,Tây Ninh,VatLy,5,6.3701,6.705,0.3349,0.1746,0.3384,3351
41,Gia Lai,HoaHoc,5,6.3154,5.9914,-0.324,0.1815,0.3364,3042
29,Quảng Bình,VatLy,5,6.6069,7.2152,0.6083,0.2292,0.3348,9702
50,TP. Hồ Chí Minh,VatLy,5,6.2081,6.5791,0.371,0.1741,0.329,5144
17,Vĩnh Phúc,VatLy,5,6.8623,7.2314,0.3691,0.1679,0.3231,3821
58,Kiên Giang,VatLy,5,6.0759,6.3426,0.2667,0.1706,0.3218,2151
3,Cao Bằng,HoaHoc,5,6.5495,6.3478,-0.2017,0.1881,0.3211,4786
37,Khánh Hòa,NguVan,5,5.8871,6.9036,1.0165,0.3952,0.3197,19796
64,,VatLy,5,6.123,6.4708,0.3478,0.1573,0.3113,1738
22,Thái Bình,VatLy,5,6.9515,7.0362,0.0847,0.127,0.3105,5279
48,Đồng Nai,VatLy,5,6.4609,6.7657,0.3048,0.1546,0.3076,12320
60,Hậu Giang,NguVan,5,6.8521,7.0833,0.2312,0.2109,0.3063,6714
35,Bình Định,VatLy,5,6.5981,6.8613,0.2632,0.1293,0.3058,5199
16,Phú Thọ,VatLy,5,7.0872,7.5046,0.4174,0.1683,0.3041,4770
11,Hòa Bình,NguVan,5,6.2435,6.7829,0.5394,0.2407,0.3023,3097
6,Lào Cai,VatLy,5,6.445,6.277,-0.168,0.1663,0.294,848
37,Khánh Hòa,VatLy,5,6.7533,7.0615,0.3082,0.1418,0.2934,6231
61,Sóc Trăng,NguVan,5,6.4174,6.9245,0.5071,0.2037,0.2886,10856
53,Bến Tre,VatLy,5,6.4296,6.8943,0.4647,0.1871,0.2871,6503
44,Lâm Đồng,VatLy,5,6.7891,7.3303,0.5412,0.2048,0.2843,8235
21,Hưng Yên,VatLy,5,7.005,7.1398,0.1348,0.1267,0.284,8468
9,Sơn La,NguVan,5,6.0844,6.7807,0.6963,0.2654,0.2821,9805
45,Bình Phước,NguVan,5,6.1685,6.2219,0.0534,0.1082,0.2806,6158
38,Ninh Thuận,VatLy,5,6.4931,6.802,0.3089,0.1521,0.2754,4890
51,Long An,VatLy,5,6.6182,6.9316,0.3134,0.173,0.2753,6191
43,Đắk Nông,VatLy,5,6.3236,6.8648,0.5412,0.2413,0.2746,4566
55,Vĩnh Long,NguVan,5,6.7547,7.2096,0.4549,0.2425,0.2732,13050
42,Đắk Lắk,VatLy,5,6.6365,6.9369,0.3004,0.1468,0.2731,5517
47,Bình Dương,NguVan,5,6.4616,6.6135,0.1519,0.1643,0.2672,13322
28,Hà Tĩnh,VatLy,5,6.7313,6.989,0.2577,0.1176,0.259,9967
26,Thanh Hóa,VatLy,5,6.8156,7.0614,0.2458,0.145,0.2583,8160
45,Bình Phước,VatLy,5,6.3203,6.6687,0.3484,0.1557,0.2551,1932
62,Bạc Liêu,NguVan,5,6.405,6.8255,0.4205,0.1729,0.2534,6959
13,Lạng Sơn,VatLy,5,6.631,6.8743,0.2433,0.1202,0.2468,1202
15,Bắc Giang,VatLy,5,6.9425,7.3029,0.3604,0.1585,0.2413,3599
63,Cà Mau,VatLy,5,6.1712,6.4373,0.2661,0.1388,0.2402,2594
36,Phú Yên,VatLy,5,6.6105,6.9759,0.3654,0.1476,0.238,1530
52,Tiền Giang,VatLy,5,6.2613,6.7191,0.4578,0.1949,0.2368,6603
59,Cần Thơ,VatLy,5,6.1529,6.405,0.2521,0.1087,0.236,2642
31,Thừa Thiên Huế,VatLy,5,6.5235,6.7574,0.2339,0.1139,0.235,2479
1,Hà Nội,HoaHoc,5,6.2927,6.4535,0.1608,0.0854,0.234,16990
33,Quảng Nam,VatLy,5,6.7336,7.1397,0.4061,0.1473,0.2229,4185
18,Bắc Ninh,VatLy,5,6.8257,6.9337,0.108,0.0797,0.2168,6676
56,Đồng Tháp,VatLy,5,6.5332,6.7068,0.1736,0.1204,0.2149,4187
3,Cao Bằng,VatLy,5,6.9177,7.2104,0.2927,0.1361,0.2125,9194
47,Bình Dương,VatLy,5,6.5959,6.8967,0.3008,0.1398,0.2111,4001
62,Bạc Liêu,VatLy,5,6.136,6.4674,0.3314,0.1273,0.2086,913
57,An Giang,VatLy,5,6.7024,6.9161,0.2137,0.1203,0.2022,3392
25,Ninh Bình,VatLy,5,7.0346,7.2951,0.2605,0.1047,0.2017,11068
10,Yên Bái,VatLy,5,6.5,6.6971,0.1971,0.104,0.1909,1638
17,Vĩnh Phúc,HoaHoc,5,6.3871,6.3682,-0.0189,0.0637,0.1319,2201
6,Lào Cai,NguVan,5,5.7893,5.9927,0.2034,0.104,0.1137,4947
4,Bắc Kạn,HoaHoc,5,6.4532,6.3372,-0.116,0.0643,0.0814,3535
