Nam,Mon,score,count
2021,DiaLy,0.25,1
2021,DiaLy,0.5,3
2021,DiaLy,0.75,9
2021,DiaLy,1.0,11
2021,DiaLy,1.25,26
2021,DiaLy,1.5,42
2021,DiaLy,1.75,72
2021,DiaLy,2.0,141
2021,DiaLy,2.25,249
2021,DiaLy,2.5,387
2021,DiaLy,2.75,580
2021,DiaLy,3.0,796
2021,DiaLy,3.25,1127
2021,DiaLy,3.5,1613
2021,DiaLy,3.75,2130
2021,DiaLy,4.0,2982
2021,DiaLy,4.25,4191
2021,DiaLy,4.5,6116
2021,DiaLy,4.75,8572
2021,DiaLy,5.0,11773
2021,DiaLy,5.25,16243
2021,DiaLy,5.5,21471
2021,DiaLy,5.75,27867
2021,DiaLy,6.0,34845
2021,DiaLy,6.25,41399
2021,DiaLy,6.5,47011
2021,DiaLy,6.75,52517
2021,DiaLy,7.0,54930
2021,DiaLy,7.25,54785
2021,DiaLy,7.5,52005
2021,DiaLy,7.75,46241
2021,DiaLy,8.0,39657
2021,DiaLy,8.25,32324
2021,DiaLy,8.5,24413
2021,DiaLy,8.75,17736
2021,DiaLy,9.0,11844
2021,DiaLy,9.25,7129
2021,DiaLy,9.5,3851
2021,DiaLy,9.75,1470
2021,DiaLy,10.0,225
2021,GDCD,0.5,1
2021,GDCD,0.75,2
2021,GDCD,1.0,2
2021,GDCD,1.25,4
2021,GDCD,1.5,12
2021,GDCD,1.75,10
2021,GDCD,2.0,19
2021,GDCD,2.25,45
2021,GDCD,2.5,56
2021,GDCD,2.75,92
2021,GDCD,3.0,112
2021,GDCD,3.25,169
2021,GDCD,3.5,304
2021,GDCD,3.75,375
2021,GDCD,4.0,575
2021,GDCD,4.25,814
2021,GDCD,4.5,1106
2021,GDCD,4.75,1578
2021,GDCD,5.0,2074
2021,GDCD,5.25,2716
2021,GDCD,5.5,3764
2021,GDCD,5.75,4964
2021,GDCD,6.0,6469
2021,GDCD,6.25,8512
2021,GDCD,6.5,11069
2021,GDCD,6.75,13685
2021,GDCD,7.0,17237
2021,GDCD,7.25,20947
2021,GDCD,7.5,25363
2021,GDCD,7.75,29855
2021,GDCD,8.0,34882
2021,GDCD,8.25,39642
2021,GDCD,8.5,44031
2021,GDCD,8.75,48891
2021,GDCD,9.0,51373
2021,GDCD,9.25,52671
2021,GDCD,9.5,50150
2021,GDCD,9.75,40025
2021,GDCD,10.0,18617
2021,HoaHoc,0.25,1
2021,HoaHoc,0.5,1
2021,HoaHoc,0.75,20
2021,HoaHoc,1.0,26
2021,HoaHoc,1.25,90
2021,HoaHoc,1.5,151
2021,HoaHoc,1.75,331
2021,HoaHoc,2.0,612
2021,HoaHoc,2.25,978
2021,HoaHoc,2.5,1516
2021,HoaHoc,2.75,2221
2021,HoaHoc,3.0,2947
2021,HoaHoc,3.25,3858
2021,HoaHoc,3.5,4715
2021,HoaHoc,3.75,5856
2021,HoaHoc,4.0,6722
2021,HoaHoc,4.25,7939
2021,HoaHoc,4.5,8779
2021,HoaHoc,4.75,9759
2021,HoaHoc,5.0,10539
2021,HoaHoc,5.25,11345
2021,HoaHoc,5.5,12115
2021,HoaHoc,5.75,13170
2021,HoaHoc,6.0,13731
2021,HoaHoc,6.25,14773
2021,HoaHoc,6.5,15940
2021,HoaHoc,6.75,17510
2021,HoaHoc,7.0,19747
2021,HoaHoc,7.25,22375
2021,HoaHoc,7.5,25613
2021,HoaHoc,7.75,27032
2021,HoaHoc,8.0,25973
2021,HoaHoc,8.25,22357
2021,HoaHoc,8.5,16334
2021,HoaHoc,8.75,10577
2021,HoaHoc,9.0,5974
2021,HoaHoc,9.25,3041
2021,HoaHoc,9.5,1399
2021,HoaHoc,9.75,493
2021,HoaHoc,10.0,149
2021,LichSu,0.25,7
2021,LichSu,0.5,24
2021,LichSu,0.75,125
2021,LichSu,1.0,379
2021,LichSu,1.25,950
2021,LichSu,1.5,2346
2021,LichSu,1.75,4406
2021,LichSu,2.0,8089
2021,LichSu,2.25,12746
2021,LichSu,2.5,17865
2021,LichSu,2.75,23119
2021,LichSu,3.0,28261
2021,LichSu,3.25,30967
2021,LichSu,3.5,33246
2021,LichSu,3.75,34043
2021,LichSu,4.0,34358
2021,LichSu,4.25,34269
2021,LichSu,4.5,33111
2021,LichSu,4.75,31967
2021,LichSu,5.0,30761
2021,LichSu,5.25,29436
2021,LichSu,5.5,27696
2021,LichSu,5.75,26410
2021,LichSu,6.0,24365
2021,LichSu,6.25,22886
2021,LichSu,6.5,20853
2021,LichSu,6.75,19091
2021,LichSu,7.0,17145
2021,LichSu,7.25,15199
2021,LichSu,7.5,13769
2021,LichSu,7.75,12220
2021,LichSu,8.0,10331
2021,LichSu,8.25,9012
2021,LichSu,8.5,7547
2021,LichSu,8.75,6218
2021,LichSu,9.0,4879
2021,LichSu,9.25,3413
2021,LichSu,9.5,2018
2021,LichSu,9.75,929
2021,LichSu,10.0,266
2021,NgoaiNgu,0.6,3
2021,NgoaiNgu,0.8,34
2021,NgoaiNgu,1.0,106
2021,NgoaiNgu,1.2,358
2021,NgoaiNgu,1.4,714
2021,NgoaiNgu,1.6,1618
2021,NgoaiNgu,1.8,3293
2021,NgoaiNgu,2.0,5872
2021,NgoaiNgu,2.2,8725
2021,NgoaiNgu,2.4,12273
2021,NgoaiNgu,2.6,16489
2021,NgoaiNgu,2.8,20468
2021,NgoaiNgu,3.0,23942
2021,NgoaiNgu,3.2,26502
2021,NgoaiNgu,3.4,28511
2021,NgoaiNgu,3.6,29126
2021,NgoaiNgu,3.8,29441
2021,NgoaiNgu,4.0,29457
2021,NgoaiNgu,4.2,28888
2021,NgoaiNgu,4.4,28281
2021,NgoaiNgu,4.6,27767
2021,NgoaiNgu,4.8,26854
2021,NgoaiNgu,5.0,25835
2021,NgoaiNgu,5.2,24610
2021,NgoaiNgu,5.4,23331
2021,NgoaiNgu,5.6,22645
2021,NgoaiNgu,5.8,21932
2021,NgoaiNgu,6.0,21083
2021,NgoaiNgu,6.2,20095
2021,NgoaiNgu,6.4,19410
2021,NgoaiNgu,6.6,18920
2021,NgoaiNgu,6.8,18693
2021,NgoaiNgu,7.0,18364
2021,NgoaiNgu,7.2,18520
2021,NgoaiNgu,7.4,18252
2021,NgoaiNgu,7.6,18555
2021,NgoaiNgu,7.8,18969
2021,NgoaiNgu,8.0,19392
2021,NgoaiNgu,8.2,20357
2021,NgoaiNgu,8.4,21242
2021,NgoaiNgu,8.6,22543
2021,NgoaiNgu,8.8,23866
2021,NgoaiNgu,9.0,24578
2021,NgoaiNgu,9.2,24419
2021,NgoaiNgu,9.4,21783
2021,NgoaiNgu,9.6,16832
2021,NgoaiNgu,9.8,10771
2021,NgoaiNgu,10.0,4568
2021,NguVan,0.25,10
2021,NguVan,0.5,45
2021,NguVan,0.75,68
2021,NguVan,1.0,23
2021,NguVan,1.17,1
2021,NguVan,1.25,563
2021,NguVan,1.5,818
2021,NguVan,1.67,1
2021,NguVan,1.75,981
2021,NguVan,2.0,1664
2021,NguVan,2.08,2
2021,NguVan,2.16,1
2021,NguVan,2.17,2
2021,NguVan,2.18,1
2021,NguVan,2.24,1
2021,NguVan,2.25,1872
2021,NguVan,2.3,1
2021,NguVan,2.33,5
2021,NguVan,2.4,1
2021,NguVan,2.41,1
2021,NguVan,2.42,4
2021,NguVan,2.5,2981
2021,NguVan,2.58,13
2021,NguVan,2.66,1
2021,NguVan,2.67,9
2021,NguVan,2.75,3535
2021,NguVan,2.8,2
2021,NguVan,2.83,11
2021,NguVan,2.91,2
2021,NguVan,2.92,8
2021,NguVan,3.0,5456
2021,NguVan,3.08,4
2021,NguVan,3.1,1
2021,NguVan,3.16,9
2021,NguVan,3.17,14
2021,NguVan,3.2,1
2021,NguVan,3.25,6261
2021,NguVan,3.33,21
2021,NguVan,3.41,7
2021,NguVan,3.42,16
2021,NguVan,3.5,9220
2021,NguVan,3.51,1
2021,NguVan,3.58,19
2021,NguVan,3.6,2
2021,NguVan,3.65,1
2021,NguVan,3.66,6
2021,NguVan,3.67,13
2021,NguVan,3.7,1
2021,NguVan,3.75,11004
2021,NguVan,3.81,1
2021,NguVan,3.83,39
2021,NguVan,3.9,1
2021,NguVan,3.91,7
2021,NguVan,3.92,27
2021,NguVan,4.0,15590
2021,NguVan,4.08,38
2021,NguVan,4.1,1
2021,NguVan,4.16,12
2021,NguVan,4.17,34
2021,NguVan,4.2,2
2021,NguVan,4.25,15843
2021,NguVan,4.27,1
2021,NguVan,4.3,4
2021,NguVan,4.33,65
2021,NguVan,4.34,1
2021,NguVan,4.4,3
2021,NguVan,4.41,11
2021,NguVan,4.42,45
2021,NguVan,4.46,1
2021,NguVan,4.5,21122
2021,NguVan,4.58,65
2021,NguVan,4.6,2
2021,NguVan,4.65,1
2021,NguVan,4.66,19
2021,NguVan,4.67,47
2021,NguVan,4.69,1
2021,NguVan,4.7,3
2021,NguVan,4.75,19579
2021,NguVan,4.8,3
2021,NguVan,4.83,93
2021,NguVan,4.85,1
2021,NguVan,4.9,1
2021,NguVan,4.91,24
2021,NguVan,4.92,80
2021,NguVan,4.99,1
2021,NguVan,5.0,36454
2021,NguVan,5.02,1
2021,NguVan,5.03,2
2021,NguVan,5.08,110
2021,NguVan,5.09,1
2021,NguVan,5.1,2
2021,NguVan,5.16,26
2021,NguVan,5.17,104
2021,NguVan,5.18,3
2021,NguVan,5.2,4
2021,NguVan,5.23,1
2021,NguVan,5.25,33931
2021,NguVan,5.3,15
2021,NguVan,5.32,1
2021,NguVan,5.33,145
2021,NguVan,5.34,1
2021,NguVan,5.4,4
2021,NguVan,5.41,35
2021,NguVan,5.42,156
2021,NguVan,5.46,1
2021,NguVan,5.47,1
2021,NguVan,5.5,46821
2021,NguVan,5.55,1
2021,NguVan,5.58,191
2021,NguVan,5.6,16
2021,NguVan,5.63,1
2021,NguVan,5.66,25
2021,NguVan,5.67,155
2021,NguVan,5.68,1
2021,NguVan,5.7,7
2021,NguVan,5.73,1
2021,NguVan,5.74,1
2021,NguVan,5.75,49136
2021,NguVan,5.77,1
2021,NguVan,5.78,1
2021,NguVan,5.8,5
2021,NguVan,5.81,2
2021,NguVan,5.83,214
2021,NguVan,5.88,2
2021,NguVan,5.9,3
2021,NguVan,5.91,39
2021,NguVan,5.92,176
2021,NguVan,5.93,1
2021,NguVan,5.95,1
2021,NguVan,5.99,1
2021,NguVan,6.0,67401
2021,NguVan,6.03,1
2021,NguVan,6.04,1
2021,NguVan,6.06,1
2021,NguVan,6.07,1
2021,NguVan,6.08,267
2021,NguVan,6.1,4
2021,NguVan,6.11,1
2021,NguVan,6.12,1
2021,NguVan,6.16,32
2021,NguVan,6.17,204
2021,NguVan,6.18,2
2021,NguVan,6.2,11
2021,NguVan,6.23,1
2021,NguVan,6.25,63393
2021,NguVan,6.27,1
2021,NguVan,6.3,15
2021,NguVan,6.32,1
2021,NguVan,6.33,271
2021,NguVan,6.35,1
2021,NguVan,6.4,6
2021,NguVan,6.41,53
2021,NguVan,6.42,234
2021,NguVan,6.48,1
2021,NguVan,6.5,78719
2021,NguVan,6.53,1
2021,NguVan,6.54,1
2021,NguVan,6.55,2
2021,NguVan,6.57,1
2021,NguVan,6.58,293
2021,NguVan,6.59,1
2021,NguVan,6.6,11
2021,NguVan,6.65,1
2021,NguVan,6.66,45
2021,NguVan,6.67,223
2021,NguVan,6.7,7
2021,NguVan,6.71,1
2021,NguVan,6.73,4
2021,NguVan,6.75,69754
2021,NguVan,6.8,25
2021,NguVan,6.82,2
2021,NguVan,6.83,248
2021,NguVan,6.9,14
2021,NguVan,6.91,48
2021,NguVan,6.92,211
2021,NguVan,6.93,2
2021,NguVan,6.95,1
2021,NguVan,6.96,1
2021,NguVan,7.0,80568
2021,NguVan,7.01,1
2021,NguVan,7.05,1
2021,NguVan,7.06,1
2021,NguVan,7.07,1
2021,NguVan,7.08,221
2021,NguVan,7.1,5
2021,NguVan,7.12,1
2021,NguVan,7.15,2
2021,NguVan,7.16,56
2021,NguVan,7.17,180
2021,NguVan,7.18,2
2021,NguVan,7.2,7
2021,NguVan,7.21,1
2021,NguVan,7.25,61765
2021,NguVan,7.27,1
2021,NguVan,7.28,1
2021,NguVan,7.3,12
2021,NguVan,7.33,198
2021,NguVan,7.34,2
2021,NguVan,7.37,1
2021,NguVan,7.4,15
2021,NguVan,7.41,24
2021,NguVan,7.42,155
2021,NguVan,7.46,3
2021,NguVan,7.47,1
2021,NguVan,7.5,67053
2021,NguVan,7.58,164
2021,NguVan,7.6,7
2021,NguVan,7.63,3
2021,NguVan,7.65,3
2021,NguVan,7.66,18
2021,NguVan,7.67,109
2021,NguVan,7.7,4
2021,NguVan,7.71,1
2021,NguVan,7.74,2
2021,NguVan,7.75,51317
2021,NguVan,7.8,9
2021,NguVan,7.82,2
2021,NguVan,7.83,98
2021,NguVan,7.85,3
2021,NguVan,7.9,2
2021,NguVan,7.91,16
2021,NguVan,7.92,60
2021,NguVan,7.93,1
2021,NguVan,7.95,1
2021,NguVan,8.0,51684
2021,NguVan,8.08,59
2021,NguVan,8.1,4
2021,NguVan,8.13,1
2021,NguVan,8.16,5
2021,NguVan,8.17,42
2021,NguVan,8.2,2
2021,NguVan,8.25,32978
2021,NguVan,8.28,1
2021,NguVan,8.3,2
2021,NguVan,8.33,31
2021,NguVan,8.4,1
2021,NguVan,8.41,3
2021,NguVan,8.42,12
2021,NguVan,8.5,28918
2021,NguVan,8.58,7
2021,NguVan,8.6,1
2021,NguVan,8.66,1
2021,NguVan,8.67,3
2021,NguVan,8.75,16859
2021,NguVan,8.8,2
2021,NguVan,8.83,1
2021,NguVan,9.0,10729
2021,NguVan,9.08,1
2021,NguVan,9.25,3176
2021,NguVan,9.5,950
2021,NguVan,9.75,69
2021,NguVan,10.0,3
2021,SinhHoc,0.25,1
2021,SinhHoc,0.5,1
2021,SinhHoc,0.75,11
2021,SinhHoc,1.0,37
2021,SinhHoc,1.25,109
2021,SinhHoc,1.5,175
2021,SinhHoc,1.75,364
2021,SinhHoc,2.0,618
2021,SinhHoc,2.25,1291
2021,SinhHoc,2.5,1918
2021,SinhHoc,2.75,2981
2021,SinhHoc,3.0,4435
2021,SinhHoc,3.25,6413
2021,SinhHoc,3.5,8820
2021,SinhHoc,3.75,12204
2021,SinhHoc,4.0,15310
2021,SinhHoc,4.25,18216
2021,SinhHoc,4.5,21422
2021,SinhHoc,4.75,23451
2021,SinhHoc,5.0,24966
2021,SinhHoc,5.25,25099
2021,SinhHoc,5.5,24541
2021,SinhHoc,5.75,22666
2021,SinhHoc,6.0,20854
2021,SinhHoc,6.25,18368
2021,SinhHoc,6.5,15981
2021,SinhHoc,6.75,13538
2021,SinhHoc,7.0,11420
2021,SinhHoc,7.25,9448
2021,SinhHoc,7.5,7845
2021,SinhHoc,7.75,6506
2021,SinhHoc,8.0,5167
2021,SinhHoc,8.25,4129
2021,SinhHoc,8.5,3363
2021,SinhHoc,8.75,2702
2021,SinhHoc,9.0,2132
2021,SinhHoc,9.25,1713
2021,SinhHoc,9.5,1402
2021,SinhHoc,9.75,1070
2021,SinhHoc,10.0,577
2021,Toan,0.6,11
2021,Toan,0.8,22
2021,Toan,1.0,85
2021,Toan,1.2,198
2021,Toan,1.4,460
2021,Toan,1.6,853
2021,Toan,1.8,1484
2021,Toan,2.0,2363
2021,Toan,2.2,3373
2021,Toan,2.4,4601
2021,Toan,2.6,5907
2021,Toan,2.8,6903
2021,Toan,3.0,8111
2021,Toan,3.2,9420
2021,Toan,3.4,10645
2021,Toan,3.6,11947
2021,Toan,3.8,13409
2021,Toan,4.0,14925
2021,Toan,4.2,16467
2021,Toan,4.4,17874
2021,Toan,4.6,19512
2021,Toan,4.8,21668
2021,Toan,5.0,23213
2021,Toan,5.2,24861
2021,Toan,5.4,26601
2021,Toan,5.6,27888
2021,Toan,5.8,29627
2021,Toan,6.0,31104
2021,Toan,6.2,32770
2021,Toan,6.4,34843
2021,Toan,6.6,37098
2021,Toan,6.8,39826
2021,Toan,7.0,43324
2021,Toan,7.2,46243
2021,Toan,7.4,50344
2021,Toan,7.6,52784
2021,Toan,7.8,53763
2021,Toan,8.0,52936
2021,Toan,8.2,49757
2021,Toan,8.4,44680
2021,Toan,8.6,37815
2021,Toan,8.8,29449
2021,Toan,9.0,20059
2021,Toan,9.2,11067
2021,Toan,9.4,5021
2021,Toan,9.6,1642
2021,Toan,9.8,358
2021,Toan,10.0,52
2021,VatLy,0.25,2
2021,VatLy,0.5,1
2021,VatLy,0.75,3
2021,VatLy,1.0,14
2021,VatLy,1.25,37
2021,VatLy,1.5,75
2021,VatLy,1.75,161
2021,VatLy,2.0,276
2021,VatLy,2.25,493
2021,VatLy,2.5,817
2021,VatLy,2.75,1222
2021,VatLy,3.0,1648
2021,VatLy,3.25,2313
2021,VatLy,3.5,3191
2021,VatLy,3.75,4261
2021,VatLy,4.0,5466
2021,VatLy,4.25,6848
2021,VatLy,4.5,8377
2021,VatLy,4.75,9885
2021,VatLy,5.0,11701
2021,VatLy,5.25,13156
2021,VatLy,5.5,14727
2021,VatLy,5.75,16635
2021,VatLy,6.0,18003
2021,VatLy,6.25,19605
2021,VatLy,6.5,21199
2021,VatLy,6.75,22593
2021,VatLy,7.0,23934
2021,VatLy,7.25,25127
2021,VatLy,7.5,25398
2021,VatLy,7.75,24676
2021,VatLy,8.0,22061
2021,VatLy,8.25,17871
2021,VatLy,8.5,11615
2021,VatLy,8.75,6836
2021,VatLy,9.0,3163
2021,VatLy,9.25,1235
2021,VatLy,9.5,358
2021,VatLy,9.75,82
2021,VatLy,10.0,14
2022,DiaLy,0.25,3
2022,DiaLy,0.5,3
2022,DiaLy,0.75,7
2022,DiaLy,1.0,4
2022,DiaLy,1.25,10
2022,DiaLy,1.5,36
2022,DiaLy,1.75,75
2022,DiaLy,2.0,135
2022,DiaLy,2.25,210
2022,DiaLy,2.5,405
2022,DiaLy,2.75,610
2022,DiaLy,3.0,867
2022,DiaLy,3.25,1413
2022,DiaLy,3.5,2194
2022,DiaLy,3.75,3350
2022,DiaLy,4.0,5062
2022,DiaLy,4.25,7546
2022,DiaLy,4.5,10907
2022,DiaLy,4.75,15127
2022,DiaLy,5.0,20364
2022,DiaLy,5.25,26111
2022,DiaLy,5.5,32256
2022,DiaLy,5.75,38481
2022,DiaLy,6.0,44464
2022,DiaLy,6.25,48253
2022,DiaLy,6.5,50888
2022,DiaLy,6.75,52272
2022,DiaLy,7.0,52448
2022,DiaLy,7.25,49164
2022,DiaLy,7.5,45213
2022,DiaLy,7.75,39556
2022,DiaLy,8.0,33014
2022,DiaLy,8.25,26025
2022,DiaLy,8.5,19697
2022,DiaLy,8.75,13878
2022,DiaLy,9.0,8784
2022,DiaLy,9.25,5223
2022,DiaLy,9.5,2394
2022,DiaLy,9.75,788
2022,DiaLy,10.0,163
2022,GDCD,1.0,3
2022,GDCD,1.25,4
2022,GDCD,1.5,8
2022,GDCD,1.75,23
2022,GDCD,2.0,31
2022,GDCD,2.25,36
2022,GDCD,2.5,61
2022,GDCD,2.75,90
2022,GDCD,3.0,153
2022,GDCD,3.25,227
2022,GDCD,3.5,270
2022,GDCD,3.75,395
2022,GDCD,4.0,613
2022,GDCD,4.25,830
2022,GDCD,4.5,1216
2022,GDCD,4.75,1736
2022,GDCD,5.0,2417
2022,GDCD,5.25,3237
2022,GDCD,5.5,4531
2022,GDCD,5.75,6331
2022,GDCD,6.0,8240
2022,GDCD,6.25,11174
2022,GDCD,6.5,14814
2022,GDCD,6.75,19062
2022,GDCD,7.0,24029
2022,GDCD,7.25,30504
2022,GDCD,7.5,37262
2022,GDCD,7.75,44159
2022,GDCD,8.0,50854
2022,GDCD,8.25,55320
2022,GDCD,8.5,57508
2022,GDCD,8.75,55193
2022,GDCD,9.0,48229
2022,GDCD,9.25,37779
2022,GDCD,9.5,23731
2022,GDCD,9.75,11412
2022,GDCD,10.0,2836
2022,HoaHoc,0.25,2
2022,HoaHoc,0.5,1
2022,HoaHoc,0.75,8
2022,HoaHoc,1.0,20
2022,HoaHoc,1.25,51
2022,HoaHoc,1.5,125
2022,HoaHoc,1.75,202
2022,HoaHoc,2.0,460
2022,HoaHoc,2.25,763
2022,HoaHoc,2.5,1187
2022,HoaHoc,2.75,1639
2022,HoaHoc,3.0,2272
2022,HoaHoc,3.25,3106
2022,HoaHoc,3.5,3981
2022,HoaHoc,3.75,5042
2022,HoaHoc,4.0,6069
2022,HoaHoc,4.25,7235
2022,HoaHoc,4.5,8422
2022,HoaHoc,4.75,9303
2022,HoaHoc,5.0,10275
2022,HoaHoc,5.25,11052
2022,HoaHoc,5.5,12206
2022,HoaHoc,5.75,12942
2022,HoaHoc,6.0,13577
2022,HoaHoc,6.25,14532
2022,HoaHoc,6.5,15582
2022,HoaHoc,6.75,16631
2022,HoaHoc,7.0,17935
2022,HoaHoc,7.25,19035
2022,HoaHoc,7.5,20429
2022,HoaHoc,7.75,22028
2022,HoaHoc,8.0,22800
2022,HoaHoc,8.25,21818
2022,HoaHoc,8.5,18092
2022,HoaHoc,8.75,12868
2022,HoaHoc,9.0,8061
2022,HoaHoc,9.25,4440
2022,HoaHoc,9.5,2180
2022,HoaHoc,9.75,829
2022,HoaHoc,10.0,158
2022,LichSu,0.25,4
2022,LichSu,0.5,2
2022,LichSu,0.75,14
2022,LichSu,1.0,58
2022,LichSu,1.25,108
2022,LichSu,1.5,259
2022,LichSu,1.75,579
2022,LichSu,2.0,1154
2022,LichSu,2.25,1929
2022,LichSu,2.5,3235
2022,LichSu,2.75,4690
2022,LichSu,3.0,6456
2022,LichSu,3.25,8329
2022,LichSu,3.5,10685
2022,LichSu,3.75,12913
2022,LichSu,4.0,15610
2022,LichSu,4.25,17953
2022,LichSu,4.5,20593
2022,LichSu,4.75,22979
2022,LichSu,5.0,25896
2022,LichSu,5.25,28554
2022,LichSu,5.5,30961
2022,LichSu,5.75,33304
2022,LichSu,6.0,35161
2022,LichSu,6.25,36931
2022,LichSu,6.5,38602
2022,LichSu,6.75,38565
2022,LichSu,7.0,38718
2022,LichSu,7.25,37785
2022,LichSu,7.5,35358
2022,LichSu,7.75,32674
2022,LichSu,8.0,28576
2022,LichSu,8.25,24257
2022,LichSu,8.5,19968
2022,LichSu,8.75,15598
2022,LichSu,9.0,11742
2022,LichSu,9.25,8343
2022,LichSu,9.5,5572
2022,LichSu,9.75,3766
2022,LichSu,10.0,1779
2022,NgoaiNgu,0.4,4
2022,NgoaiNgu,0.6,23
2022,NgoaiNgu,0.8,112
2022,NgoaiNgu,1.0,271
2022,NgoaiNgu,1.2,679
2022,NgoaiNgu,1.4,1374
2022,NgoaiNgu,1.6,2928
2022,NgoaiNgu,1.8,5114
2022,NgoaiNgu,2.0,8278
2022,NgoaiNgu,2.2,12263
2022,NgoaiNgu,2.4,16824
2022,NgoaiNgu,2.6,21618
2022,NgoaiNgu,2.8,26131
2022,NgoaiNgu,3.0,30244
2022,NgoaiNgu,3.2,33381
2022,NgoaiNgu,3.4,35688
2022,NgoaiNgu,3.6,36953
2022,NgoaiNgu,3.8,38129
2022,NgoaiNgu,4.0,37943
2022,NgoaiNgu,4.2,36657
2022,NgoaiNgu,4.4,36018
2022,NgoaiNgu,4.6,34109
2022,NgoaiNgu,4.8,32649
2022,NgoaiNgu,5.0,30770
2022,NgoaiNgu,5.2,29151
2022,NgoaiNgu,5.4,27345
2022,NgoaiNgu,5.6,25539
2022,NgoaiNgu,5.8,23957
2022,NgoaiNgu,6.0,22510
2022,NgoaiNgu,6.2,21299
2022,NgoaiNgu,6.4,19849
2022,NgoaiNgu,6.6,19089
2022,NgoaiNgu,6.8,18156
2022,NgoaiNgu,7.0,17216
2022,NgoaiNgu,7.2,16405
2022,NgoaiNgu,7.4,15917
2022,NgoaiNgu,7.6,15477
2022,NgoaiNgu,7.8,15274
2022,NgoaiNgu,8.0,14852
2022,NgoaiNgu,8.2,14677
2022,NgoaiNgu,8.4,14363
2022,NgoaiNgu,8.6,13848
2022,NgoaiNgu,8.8,12832
2022,NgoaiNgu,9.0,11310
2022,NgoaiNgu,9.2,9288
2022,NgoaiNgu,9.4,6987
2022,NgoaiNgu,9.6,4395
2022,NgoaiNgu,9.8,2150
2022,NgoaiNgu,10.0,555
2022,NguVan,0.25,12
2022,NguVan,0.5,51
2022,NguVan,0.75,65
2022,NguVan,1.0,28
2022,NguVan,1.25,394
2022,NguVan,1.33,1
2022,NguVan,1.5,610
2022,NguVan,1.75,694
2022,NguVan,1.92,1
2022,NguVan,2.0,1260
2022,NguVan,2.08,1
2022,NguVan,2.17,4
2022,NguVan,2.25,1511
2022,NguVan,2.33,5
2022,NguVan,2.4,1
2022,NguVan,2.42,2
2022,NguVan,2.5,2252
2022,NguVan,2.58,5
2022,NguVan,2.6,1
2022,NguVan,2.67,3
2022,NguVan,2.71,1
2022,NguVan,2.75,2901
2022,NguVan,2.83,11
2022,NguVan,2.91,1
2022,NguVan,2.92,5
2022,NguVan,3.0,4800
2022,NguVan,3.08,4
2022,NguVan,3.16,2
2022,NguVan,3.17,15
2022,NguVan,3.25,5523
2022,NguVan,3.33,19
2022,NguVan,3.38,1
2022,NguVan,3.41,2
2022,NguVan,3.42,27
2022,NguVan,3.5,8170
2022,NguVan,3.52,2
2022,NguVan,3.56,1
2022,NguVan,3.58,34
2022,NguVan,3.6,2
2022,NguVan,3.63,1
2022,NguVan,3.66,7
2022,NguVan,3.67,29
2022,NguVan,3.68,1
2022,NguVan,3.7,1
2022,NguVan,3.73,1
2022,NguVan,3.75,10039
2022,NguVan,3.8,3
2022,NguVan,3.83,37
2022,NguVan,3.9,1
2022,NguVan,3.91,8
2022,NguVan,3.92,41
2022,NguVan,4.0,14687
2022,NguVan,4.03,1
2022,NguVan,4.08,51
2022,NguVan,4.1,5
2022,NguVan,4.15,1
2022,NguVan,4.16,9
2022,NguVan,4.17,48
2022,NguVan,4.2,2
2022,NguVan,4.22,1
2022,NguVan,4.23,1
2022,NguVan,4.25,15974
2022,NguVan,4.3,2
2022,NguVan,4.32,1
2022,NguVan,4.33,59
2022,NguVan,4.4,1
2022,NguVan,4.41,10
2022,NguVan,4.42,58
2022,NguVan,4.45,2
2022,NguVan,4.5,22147
2022,NguVan,4.55,1
2022,NguVan,4.58,102
2022,NguVan,4.59,2
2022,NguVan,4.6,3
2022,NguVan,4.61,1
2022,NguVan,4.62,2
2022,NguVan,4.65,1
2022,NguVan,4.66,15
2022,NguVan,4.67,88
2022,NguVan,4.68,1
2022,NguVan,4.7,2
2022,NguVan,4.73,1
2022,NguVan,4.75,21863
2022,NguVan,4.8,2
2022,NguVan,4.83,116
2022,NguVan,4.9,1
2022,NguVan,4.91,16
2022,NguVan,4.92,99
2022,NguVan,5.0,41985
2022,NguVan,5.03,2
2022,NguVan,5.07,1
2022,NguVan,5.08,173
2022,NguVan,5.09,1
2022,NguVan,5.1,6
2022,NguVan,5.11,1
2022,NguVan,5.13,2
2022,NguVan,5.15,2
2022,NguVan,5.16,29
2022,NguVan,5.17,151
2022,NguVan,5.2,3
2022,NguVan,5.23,1
2022,NguVan,5.24,1
2022,NguVan,5.25,38233
2022,NguVan,5.3,18
2022,NguVan,5.31,1
2022,NguVan,5.32,2
2022,NguVan,5.33,179
2022,NguVan,5.4,6
2022,NguVan,5.41,30
2022,NguVan,5.42,178
2022,NguVan,5.44,1
2022,NguVan,5.45,2
2022,NguVan,5.49,1
2022,NguVan,5.5,50161
2022,NguVan,5.55,3
2022,NguVan,5.56,2
2022,NguVan,5.58,236
2022,NguVan,5.59,1
2022,NguVan,5.6,9
2022,NguVan,5.65,1
2022,NguVan,5.66,39
2022,NguVan,5.67,206
2022,NguVan,5.68,1
2022,NguVan,5.7,9
2022,NguVan,5.73,4
2022,NguVan,5.74,1
2022,NguVan,5.75,51201
2022,NguVan,5.76,1
2022,NguVan,5.8,7
2022,NguVan,5.81,1
2022,NguVan,5.83,241
2022,NguVan,5.85,1
2022,NguVan,5.9,3
2022,NguVan,5.91,35
2022,NguVan,5.92,265
2022,NguVan,6.0,67245
2022,NguVan,6.02,1
2022,NguVan,6.03,1
2022,NguVan,6.05,1
2022,NguVan,6.08,291
2022,NguVan,6.09,1
2022,NguVan,6.1,10
2022,NguVan,6.11,1
2022,NguVan,6.12,1
2022,NguVan,6.13,1
2022,NguVan,6.14,1
2022,NguVan,6.16,54
2022,NguVan,6.17,267
2022,NguVan,6.18,2
2022,NguVan,6.2,13
2022,NguVan,6.22,1
2022,NguVan,6.24,1
2022,NguVan,6.25,61960
2022,NguVan,6.3,19
2022,NguVan,6.32,1
2022,NguVan,6.33,323
2022,NguVan,6.38,1
2022,NguVan,6.4,5
2022,NguVan,6.41,44
2022,NguVan,6.42,282
2022,NguVan,6.45,1
2022,NguVan,6.47,2
2022,NguVan,6.5,72888
2022,NguVan,6.55,4
2022,NguVan,6.58,314
2022,NguVan,6.59,5
2022,NguVan,6.6,13
2022,NguVan,6.63,1
2022,NguVan,6.65,2
2022,NguVan,6.66,34
2022,NguVan,6.67,296
2022,NguVan,6.7,6
2022,NguVan,6.73,2
2022,NguVan,6.75,64576
2022,NguVan,6.8,12
2022,NguVan,6.81,1
2022,NguVan,6.82,1
2022,NguVan,6.83,312
2022,NguVan,6.9,6
2022,NguVan,6.91,41
2022,NguVan,6.92,263
2022,NguVan,6.98,1
2022,NguVan,6.99,2
2022,NguVan,7.0,74417
2022,NguVan,7.02,2
2022,NguVan,7.05,1
2022,NguVan,7.07,1
2022,NguVan,7.08,275
2022,NguVan,7.1,10
2022,NguVan,7.14,1
2022,NguVan,7.15,2
2022,NguVan,7.16,32
2022,NguVan,7.17,235
2022,NguVan,7.18,1
2022,NguVan,7.2,3
2022,NguVan,7.23,1
2022,NguVan,7.25,57548
2022,NguVan,7.3,9
2022,NguVan,7.31,1
2022,NguVan,7.32,1
2022,NguVan,7.33,229
2022,NguVan,7.34,2
2022,NguVan,7.35,1
2022,NguVan,7.4,4
2022,NguVan,7.41,25
2022,NguVan,7.42,182
2022,NguVan,7.48,1
2022,NguVan,7.5,63619
2022,NguVan,7.56,1
2022,NguVan,7.57,1
2022,NguVan,7.58,177
2022,NguVan,7.59,2
2022,NguVan,7.6,12
2022,NguVan,7.62,1
2022,NguVan,7.66,18
2022,NguVan,7.67,123
2022,NguVan,7.7,4
2022,NguVan,7.71,2
2022,NguVan,7.73,2
2022,NguVan,7.75,50921
2022,NguVan,7.8,6
2022,NguVan,7.82,1
2022,NguVan,7.83,124
2022,NguVan,7.84,1
2022,NguVan,7.91,13
2022,NguVan,7.92,74
2022,NguVan,7.98,1
2022,NguVan,8.0,52148
2022,NguVan,8.08,67
2022,NguVan,8.09,1
2022,NguVan,8.1,2
2022,NguVan,8.12,1
2022,NguVan,8.16,8
2022,NguVan,8.17,44
2022,NguVan,8.2,1
2022,NguVan,8.25,35604
2022,NguVan,8.3,1
2022,NguVan,8.33,22
2022,NguVan,8.41,6
2022,NguVan,8.42,19
2022,NguVan,8.5,32726
2022,NguVan,8.56,1
2022,NguVan,8.58,10
2022,NguVan,8.66,1
2022,NguVan,8.67,7
2022,NguVan,8.75,21740
2022,NguVan,8.8,1
2022,NguVan,8.83,4
2022,NguVan,9.0,15555
2022,NguVan,9.08,1
2022,NguVan,9.17,1
2022,NguVan,9.25,6094
2022,NguVan,9.5,2326
2022,NguVan,9.75,172
2022,NguVan,10.0,5
2022,SinhHoc,0.5,5
2022,SinhHoc,0.75,6
2022,SinhHoc,1.0,45
2022,SinhHoc,1.25,80
2022,SinhHoc,1.5,244
2022,SinhHoc,1.75,560
2022,SinhHoc,2.0,1191
2022,SinhHoc,2.25,2193
2022,SinhHoc,2.5,3995
2022,SinhHoc,2.75,6188
2022,SinhHoc,3.0,9198
2022,SinhHoc,3.25,12549
2022,SinhHoc,3.5,16010
2022,SinhHoc,3.75,19296
2022,SinhHoc,4.0,21628
2022,SinhHoc,4.25,22942
2022,SinhHoc,4.5,24004
2022,SinhHoc,4.75,23470
2022,SinhHoc,5.0,22360
2022,SinhHoc,5.25,20200
2022,SinhHoc,5.5,18423
2022,SinhHoc,5.75,16094
2022,SinhHoc,6.0,13956
2022,SinhHoc,6.25,11701
2022,SinhHoc,6.5,9799
2022,SinhHoc,6.75,8466
2022,SinhHoc,7.0,7063
2022,SinhHoc,7.25,5942
2022,SinhHoc,7.5,5159
2022,SinhHoc,7.75,4606
2022,SinhHoc,8.0,4062
2022,SinhHoc,8.25,3566
2022,SinhHoc,8.5,2906
2022,SinhHoc,8.75,2096
2022,SinhHoc,9.0,1243
2022,SinhHoc,9.25,622
2022,SinhHoc,9.5,235
2022,SinhHoc,9.75,54
2022,SinhHoc,10.0,5
2022,Toan,0.2,1
2022,Toan,0.4,3
2022,Toan,0.6,6
2022,Toan,0.8,42
2022,Toan,1.0,109
2022,Toan,1.2,260
2022,Toan,1.4,568
2022,Toan,1.6,1129
2022,Toan,1.8,1980
2022,Toan,2.0,3123
2022,Toan,2.2,4373
2022,Toan,2.4,5965
2022,Toan,2.6,7207
2022,Toan,2.8,8533
2022,Toan,3.0,9661
2022,Toan,3.2,10724
2022,Toan,3.4,11981
2022,Toan,3.6,13066
2022,Toan,3.8,14265
2022,Toan,4.0,15359
2022,Toan,4.2,16898
2022,Toan,4.4,18528
2022,Toan,4.6,20204
2022,Toan,4.8,22232
2022,Toan,5.0,23712
2022,Toan,5.2,25704
2022,Toan,5.4,27651
2022,Toan,5.6,29634
2022,Toan,5.8,31292
2022,Toan,6.0,33409
2022,Toan,6.2,35357
2022,Toan,6.4,37964
2022,Toan,6.6,40132
2022,Toan,6.8,42732
2022,Toan,7.0,45808
2022,Toan,7.2,48716
2022,Toan,7.4,51490
2022,Toan,7.6,53693
2022,Toan,7.8,54495
2022,Toan,8.0,52273
2022,Toan,8.2,48222
2022,Toan,8.4,40654
2022,Toan,8.6,31021
2022,Toan,8.8,20796
2022,Toan,9.0,12095
2022,Toan,9.2,5915
2022,Toan,9.4,2540
2022,Toan,9.6,926
2022,Toan,9.8,240
2022,Toan,10.0,35
2022,VatLy,0.75,1
2022,VatLy,1.0,11
2022,VatLy,1.25,24
2022,VatLy,1.5,71
2022,VatLy,1.75,138
2022,VatLy,2.0,241
2022,VatLy,2.25,388
2022,VatLy,2.5,645
2022,VatLy,2.75,1029
2022,VatLy,3.0,1526
2022,VatLy,3.25,2031
2022,VatLy,3.5,2818
2022,VatLy,3.75,3581
2022,VatLy,4.0,4613
2022,VatLy,4.25,5661
2022,VatLy,4.5,7005
2022,VatLy,4.75,8252
2022,VatLy,5.0,9549
2022,VatLy,5.25,11160
2022,VatLy,5.5,12696
2022,VatLy,5.75,14556
2022,VatLy,6.0,16355
2022,VatLy,6.25,17962
2022,VatLy,6.5,19475
2022,VatLy,6.75,21240
2022,VatLy,7.0,22546
2022,VatLy,7.25,23162
2022,VatLy,7.5,22883
2022,VatLy,7.75,21849
2022,VatLy,8.0,19664
2022,VatLy,8.25,16373
2022,VatLy,8.5,13432
2022,VatLy,8.75,10232
2022,VatLy,9.0,7192
2022,VatLy,9.25,4278
2022,VatLy,9.5,2012
2022,VatLy,9.75,708
2022,VatLy,10.0,154
2023,DiaLy,0.5,2
2023,DiaLy,0.75,10
2023,DiaLy,1.0,20
2023,DiaLy,1.25,35
2023,DiaLy,1.5,68
2023,DiaLy,1.75,151
2023,DiaLy,2.0,285
2023,DiaLy,2.25,514
2023,DiaLy,2.5,873
2023,DiaLy,2.75,1350
2023,DiaLy,3.0,2120
2023,DiaLy,3.25,3214
2023,DiaLy,3.5,4693
2023,DiaLy,3.75,7094
2023,DiaLy,4.0,10230
2023,DiaLy,4.25,14417
2023,DiaLy,4.5,19760
2023,DiaLy,4.75,26157
2023,DiaLy,5.0,33417
2023,DiaLy,5.25,41583
2023,DiaLy,5.5,49235
2023,DiaLy,5.75,55449
2023,DiaLy,6.0,59360
2023,DiaLy,6.25,60795
2023,DiaLy,6.5,58418
2023,DiaLy,6.75,53029
2023,DiaLy,7.0,45992
2023,DiaLy,7.25,37319
2023,DiaLy,7.5,29288
2023,DiaLy,7.75,21874
2023,DiaLy,8.0,15806
2023,DiaLy,8.25,11035
2023,DiaLy,8.5,7564
2023,DiaLy,8.75,4964
2023,DiaLy,9.0,3108
2023,DiaLy,9.25,1706
2023,DiaLy,9.5,825
2023,DiaLy,9.75,259
2023,DiaLy,10.0,35
2023,GDCD,0.25,1
2023,GDCD,0.75,1
2023,GDCD,1.0,2
2023,GDCD,1.25,6
2023,GDCD,1.5,8
2023,GDCD,1.75,17
2023,GDCD,2.0,31
2023,GDCD,2.25,35
2023,GDCD,2.5,59
2023,GDCD,2.75,99
2023,GDCD,3.0,125
2023,GDCD,3.25,196
2023,GDCD,3.5,293
2023,GDCD,3.75,431
2023,GDCD,4.0,622
2023,GDCD,4.25,766
2023,GDCD,4.5,1196
2023,GDCD,4.75,1582
2023,GDCD,5.0,2227
2023,GDCD,5.25,3035
2023,GDCD,5.5,4065
2023,GDCD,5.75,5391
2023,GDCD,6.0,7264
2023,GDCD,6.25,9510
2023,GDCD,6.5,12527
2023,GDCD,6.75,15781
2023,GDCD,7.0,20068
2023,GDCD,7.25,24845
2023,GDCD,7.5,29864
2023,GDCD,7.75,35477
2023,GDCD,8.0,40580
2023,GDCD,8.25,45798
2023,GDCD,8.5,49976
2023,GDCD,8.75,53083
2023,GDCD,9.0,54610
2023,GDCD,9.25,52498
2023,GDCD,9.5,45557
2023,GDCD,9.75,33111
2023,GDCD,10.0,14693
2023,HoaHoc,0.75,1
2023,HoaHoc,1.0,10
2023,HoaHoc,1.25,25
2023,HoaHoc,1.5,78
2023,HoaHoc,1.75,149
2023,HoaHoc,2.0,280
2023,HoaHoc,2.25,439
2023,HoaHoc,2.5,721
2023,HoaHoc,2.75,1064
2023,HoaHoc,3.0,1663
2023,HoaHoc,3.25,2229
2023,HoaHoc,3.5,2981
2023,HoaHoc,3.75,3722
2023,HoaHoc,4.0,4750
2023,HoaHoc,4.25,5738
2023,HoaHoc,4.5,6699
2023,HoaHoc,4.75,7824
2023,HoaHoc,5.0,9071
2023,HoaHoc,5.25,10056
2023,HoaHoc,5.5,11680
2023,HoaHoc,5.75,13427
2023,HoaHoc,6.0,14936
2023,HoaHoc,6.25,17076
2023,HoaHoc,6.5,19137
2023,HoaHoc,6.75,21434
2023,HoaHoc,7.0,23451
2023,HoaHoc,7.25,24895
2023,HoaHoc,7.5,25487
2023,HoaHoc,7.75,24708
2023,HoaHoc,8.0,22206
2023,HoaHoc,8.25,18181
2023,HoaHoc,8.5,13589
2023,HoaHoc,8.75,9170
2023,HoaHoc,9.0,5622
2023,HoaHoc,9.25,3276
2023,HoaHoc,9.5,1610
2023,HoaHoc,9.75,593
2023,HoaHoc,10.0,137
2023,LichSu,0.25,2
2023,LichSu,0.5,2
2023,LichSu,0.75,4
2023,LichSu,1.0,25
2023,LichSu,1.25,79
2023,LichSu,1.5,153
2023,LichSu,1.75,373
2023,LichSu,2.0,769
2023,LichSu,2.25,1516
2023,LichSu,2.5,2630
2023,LichSu,2.75,4257
2023,LichSu,3.0,6693
2023,LichSu,3.25,9785
2023,LichSu,3.5,13436
2023,LichSu,3.75,17448
2023,LichSu,4.0,22203
2023,LichSu,4.25,26527
2023,LichSu,4.5,30462
2023,LichSu,4.75,33868
2023,LichSu,5.0,36301
2023,LichSu,5.25,37987
2023,LichSu,5.5,38921
2023,LichSu,5.75,39085
2023,LichSu,6.0,38903
2023,LichSu,6.25,38519
2023,LichSu,6.5,37167
2023,LichSu,6.75,35826
2023,LichSu,7.0,33971
2023,LichSu,7.25,31691
2023,LichSu,7.5,29288
2023,LichSu,7.75,26220
2023,LichSu,8.0,22820
2023,LichSu,8.25,18967
2023,LichSu,8.5,15018
2023,LichSu,8.75,11590
2023,LichSu,9.0,8267
2023,LichSu,9.25,5776
2023,LichSu,9.5,3827
2023,LichSu,9.75,2277
2023,LichSu,10.0,789
2023,NgoaiNgu,0.2,1
2023,NgoaiNgu,0.6,12
2023,NgoaiNgu,0.8,38
2023,NgoaiNgu,1.0,135
2023,NgoaiNgu,1.2,363
2023,NgoaiNgu,1.4,1024
2023,NgoaiNgu,1.6,1968
2023,NgoaiNgu,1.8,3422
2023,NgoaiNgu,2.0,5874
2023,NgoaiNgu,2.2,8754
2023,NgoaiNgu,2.4,12449
2023,NgoaiNgu,2.6,16646
2023,NgoaiNgu,2.8,20794
2023,NgoaiNgu,3.0,24284
2023,NgoaiNgu,3.2,27456
2023,NgoaiNgu,3.4,30158
2023,NgoaiNgu,3.6,32472
2023,NgoaiNgu,3.8,34005
2023,NgoaiNgu,4.0,34469
2023,NgoaiNgu,4.2,35525
2023,NgoaiNgu,4.4,35085
2023,NgoaiNgu,4.6,34927
2023,NgoaiNgu,4.8,33826
2023,NgoaiNgu,5.0,32945
2023,NgoaiNgu,5.2,31195
2023,NgoaiNgu,5.4,29592
2023,NgoaiNgu,5.6,28010
2023,NgoaiNgu,5.8,26636
2023,NgoaiNgu,6.0,24870
2023,NgoaiNgu,6.2,23748
2023,NgoaiNgu,6.4,22229
2023,NgoaiNgu,6.6,21334
2023,NgoaiNgu,6.8,20413
2023,NgoaiNgu,7.0,19288
2023,NgoaiNgu,7.2,19131
2023,NgoaiNgu,7.4,18288
2023,NgoaiNgu,7.6,18102
2023,NgoaiNgu,7.8,17749
2023,NgoaiNgu,8.0,17401
2023,NgoaiNgu,8.2,17705
2023,NgoaiNgu,8.4,17211
2023,NgoaiNgu,8.6,17341
2023,NgoaiNgu,8.8,16744
2023,NgoaiNgu,9.0,15477
2023,NgoaiNgu,9.2,13482
2023,NgoaiNgu,9.4,9857
2023,NgoaiNgu,9.6,5648
2023,NgoaiNgu,9.8,2353
2023,NgoaiNgu,10.0,555
2023,NguVan,0.25,8
2023,NguVan,0.5,19
2023,NguVan,0.75,29
2023,NguVan,1.0,12
2023,NguVan,1.25,236
2023,NguVan,1.5,322
2023,NguVan,1.75,359
2023,NguVan,1.91,1
2023,NguVan,2.0,701
2023,NguVan,2.25,896
2023,NguVan,2.33,1
2023,NguVan,2.42,1
2023,NguVan,2.5,1262
2023,NguVan,2.58,2
2023,NguVan,2.66,1
2023,NguVan,2.67,2
2023,NguVan,2.75,1717
2023,NguVan,2.8,1
2023,NguVan,2.83,4
2023,NguVan,2.92,1
2023,NguVan,3.0,2707
2023,NguVan,3.08,4
2023,NguVan,3.13,1
2023,NguVan,3.14,1
2023,NguVan,3.17,3
2023,NguVan,3.25,3376
2023,NguVan,3.33,6
2023,NguVan,3.41,2
2023,NguVan,3.42,3
2023,NguVan,3.5,5131
2023,NguVan,3.58,7
2023,NguVan,3.63,1
2023,NguVan,3.66,1
2023,NguVan,3.67,6
2023,NguVan,3.75,6455
2023,NguVan,3.83,16
2023,NguVan,3.91,2
2023,NguVan,3.92,14
2023,NguVan,4.0,9353
2023,NguVan,4.08,20
2023,NguVan,4.1,1
2023,NguVan,4.16,2
2023,NguVan,4.17,21
2023,NguVan,4.2,1
2023,NguVan,4.24,1
2023,NguVan,4.25,10887
2023,NguVan,4.3,3
2023,NguVan,4.33,20
2023,NguVan,4.41,2
2023,NguVan,4.42,20
2023,NguVan,4.5,14848
2023,NguVan,4.55,2
2023,NguVan,4.58,28
2023,NguVan,4.59,1
2023,NguVan,4.6,2
2023,NguVan,4.66,7
2023,NguVan,4.67,17
2023,NguVan,4.7,4
2023,NguVan,4.74,1
2023,NguVan,4.75,14991
2023,NguVan,4.8,2
2023,NguVan,4.83,52
2023,NguVan,4.87,1
2023,NguVan,4.9,1
2023,NguVan,4.91,4
2023,NguVan,4.92,27
2023,NguVan,4.93,2
2023,NguVan,5.0,30270
2023,NguVan,5.08,50
2023,NguVan,5.1,1
2023,NguVan,5.12,1
2023,NguVan,5.15,1
2023,NguVan,5.16,11
2023,NguVan,5.17,42
2023,NguVan,5.18,1
2023,NguVan,5.2,4
2023,NguVan,5.25,29328
2023,NguVan,5.3,5
2023,NguVan,5.33,83
2023,NguVan,5.4,1
2023,NguVan,5.41,20
2023,NguVan,5.42,63
2023,NguVan,5.5,39931
2023,NguVan,5.55,2
2023,NguVan,5.58,97
2023,NguVan,5.59,1
2023,NguVan,5.6,7
2023,NguVan,5.63,1
2023,NguVan,5.66,18
2023,NguVan,5.67,84
2023,NguVan,5.7,4
2023,NguVan,5.71,1
2023,NguVan,5.75,44093
2023,NguVan,5.8,6
2023,NguVan,5.81,1
2023,NguVan,5.83,112
2023,NguVan,5.85,1
2023,NguVan,5.9,2
2023,NguVan,5.91,24
2023,NguVan,5.92,90
2023,NguVan,6.0,59104
2023,NguVan,6.01,1
2023,NguVan,6.02,1
2023,NguVan,6.05,2
2023,NguVan,6.07,1
2023,NguVan,6.08,150
2023,NguVan,6.1,8
2023,NguVan,6.15,2
2023,NguVan,6.16,23
2023,NguVan,6.17,142
2023,NguVan,6.2,6
2023,NguVan,6.21,1
2023,NguVan,6.24,1
2023,NguVan,6.25,59235
2023,NguVan,6.3,13
2023,NguVan,6.32,1
2023,NguVan,6.33,172
2023,NguVan,6.35,1
2023,NguVan,6.4,6
2023,NguVan,6.41,32
2023,NguVan,6.42,151
2023,NguVan,6.43,3
2023,NguVan,6.46,1
2023,NguVan,6.48,1
2023,NguVan,6.5,71760
2023,NguVan,6.51,1
2023,NguVan,6.54,1
2023,NguVan,6.58,170
2023,NguVan,6.59,1
2023,NguVan,6.6,5
2023,NguVan,6.66,23
2023,NguVan,6.67,157
2023,NguVan,6.68,3
2023,NguVan,6.7,5
2023,NguVan,6.73,2
2023,NguVan,6.75,68492
2023,NguVan,6.8,6
2023,NguVan,6.81,1
2023,NguVan,6.82,1
2023,NguVan,6.83,204
2023,NguVan,6.84,1
2023,NguVan,6.85,1
2023,NguVan,6.9,6
2023,NguVan,6.91,30
2023,NguVan,6.92,157
2023,NguVan,7.0,78772
2023,NguVan,7.02,1
2023,NguVan,7.03,2
2023,NguVan,7.05,1
2023,NguVan,7.06,1
2023,NguVan,7.08,165
2023,NguVan,7.1,7
2023,NguVan,7.12,1
2023,NguVan,7.15,1
2023,NguVan,7.16,29
2023,NguVan,7.17,176
2023,NguVan,7.18,2
2023,NguVan,7.2,4
2023,NguVan,7.22,1
2023,NguVan,7.24,1
2023,NguVan,7.25,66956
2023,NguVan,7.26,1
2023,NguVan,7.3,13
2023,NguVan,7.31,2
2023,NguVan,7.33,175
2023,NguVan,7.35,2
2023,NguVan,7.4,2
2023,NguVan,7.41,16
2023,NguVan,7.42,127
2023,NguVan,7.45,1
2023,NguVan,7.5,73541
2023,NguVan,7.52,1
2023,NguVan,7.55,2
2023,NguVan,7.56,1
2023,NguVan,7.58,139
2023,NguVan,7.59,1
2023,NguVan,7.6,3
2023,NguVan,7.66,22
2023,NguVan,7.67,109
2023,NguVan,7.7,2
2023,NguVan,7.75,63440
2023,NguVan,7.8,5
2023,NguVan,7.83,101
2023,NguVan,7.9,4
2023,NguVan,7.91,8
2023,NguVan,7.92,69
2023,NguVan,7.95,1
2023,NguVan,8.0,67519
2023,NguVan,8.08,61
2023,NguVan,8.1,2
2023,NguVan,8.16,4
2023,NguVan,8.17,39
2023,NguVan,8.2,4
2023,NguVan,8.25,50780
2023,NguVan,8.3,1
2023,NguVan,8.33,36
2023,NguVan,8.41,8
2023,NguVan,8.42,23
2023,NguVan,8.5,48830
2023,NguVan,8.58,13
2023,NguVan,8.63,1
2023,NguVan,8.66,2
2023,NguVan,8.67,9
2023,NguVan,8.75,35512
2023,NguVan,8.8,1
2023,NguVan,8.83,2
2023,NguVan,8.91,1
2023,NguVan,8.92,2
2023,NguVan,9.0,26203
2023,NguVan,9.08,3
2023,NguVan,9.25,12073
2023,NguVan,9.5,4661
2023,NguVan,9.75,443
2023,NguVan,10.0,1
2023,SinhHoc,0.25,1
2023,SinhHoc,0.5,1
2023,SinhHoc,0.75,2
2023,SinhHoc,1.0,13
2023,SinhHoc,1.25,15
2023,SinhHoc,1.5,42
2023,SinhHoc,1.75,78
2023,SinhHoc,2.0,118
2023,SinhHoc,2.25,171
2023,SinhHoc,2.5,297
2023,SinhHoc,2.75,465
2023,SinhHoc,3.0,709
2023,SinhHoc,3.25,1077
2023,SinhHoc,3.5,1740
2023,SinhHoc,3.75,2527
2023,SinhHoc,4.0,3748
2023,SinhHoc,4.25,5306
2023,SinhHoc,4.5,7462
2023,SinhHoc,4.75,9963
2023,SinhHoc,5.0,13053
2023,SinhHoc,5.25,16145
2023,SinhHoc,5.5,19307
2023,SinhHoc,5.75,22602
2023,SinhHoc,6.0,25243
2023,SinhHoc,6.25,26677
2023,SinhHoc,6.5,27268
2023,SinhHoc,6.75,26755
2023,SinhHoc,7.0,24468
2023,SinhHoc,7.25,21946
2023,SinhHoc,7.5,18487
2023,SinhHoc,7.75,14606
2023,SinhHoc,8.0,11244
2023,SinhHoc,8.25,8048
2023,SinhHoc,8.5,5739
2023,SinhHoc,8.75,3832
2023,SinhHoc,9.0,2470
2023,SinhHoc,9.25,1526
2023,SinhHoc,9.5,888
2023,SinhHoc,9.75,432
2023,SinhHoc,10.0,135
2023,Toan,0.2,1
2023,Toan,0.4,2
2023,Toan,0.6,4
2023,Toan,0.8,32
2023,Toan,1.0,82
2023,Toan,1.2,248
2023,Toan,1.4,539
2023,Toan,1.6,1055
2023,Toan,1.8,1928
2023,Toan,2.0,3084
2023,Toan,2.2,4498
2023,Toan,2.4,6266
2023,Toan,2.6,8310
2023,Toan,2.8,10049
2023,Toan,3.0,11499
2023,Toan,3.2,13224
2023,Toan,3.4,14581
2023,Toan,3.6,15839
2023,Toan,3.8,17023
2023,Toan,4.0,18705
2023,Toan,4.2,20121
2023,Toan,4.4,21769
2023,Toan,4.6,23146
2023,Toan,4.8,25087
2023,Toan,5.0,26667
2023,Toan,5.2,28490
2023,Toan,5.4,30648
2023,Toan,5.6,32351
2023,Toan,5.8,34652
2023,Toan,6.0,37100
2023,Toan,6.2,39299
2023,Toan,6.4,41586
2023,Toan,6.6,44705
2023,Toan,6.8,47231
2023,Toan,7.0,51245
2023,Toan,7.2,54069
2023,Toan,7.4,56130
2023,Toan,7.6,56640
2023,Toan,7.8,53308
2023,Toan,8.0,47380
2023,Toan,8.2,37744
2023,Toan,8.4,27537
2023,Toan,8.6,18534
2023,Toan,8.8,10923
2023,Toan,9.0,5850
2023,Toan,9.2,2672
2023,Toan,9.4,1080
2023,Toan,9.6,337
2023,Toan,9.8,89
2023,Toan,10.0,12
2023,VatLy,0.25,1
2023,VatLy,0.5,2
2023,VatLy,0.75,2
2023,VatLy,1.0,8
2023,VatLy,1.25,15
2023,VatLy,1.5,59
2023,VatLy,1.75,130
2023,VatLy,2.0,254
2023,VatLy,2.25,429
2023,VatLy,2.5,805
2023,VatLy,2.75,1229
2023,VatLy,3.0,1776
2023,VatLy,3.25,2789
2023,VatLy,3.5,3672
2023,VatLy,3.75,4852
2023,VatLy,4.0,6019
2023,VatLy,4.25,7419
2023,VatLy,4.5,8771
2023,VatLy,4.75,10138
2023,VatLy,5.0,11317
2023,VatLy,5.25,12664
2023,VatLy,5.5,13693
2023,VatLy,5.75,15147
2023,VatLy,6.0,16259
2023,VatLy,6.25,17447
2023,VatLy,6.5,18523
2023,VatLy,6.75,19523
2023,VatLy,7.0,20599
2023,VatLy,7.25,21129
2023,VatLy,7.5,21554
2023,VatLy,7.75,21207
2023,VatLy,8.0,19844
2023,VatLy,8.25,17351
2023,VatLy,8.5,13561
2023,VatLy,8.75,9287
2023,VatLy,9.0,5308
2023,VatLy,9.25,2822
2023,VatLy,9.5,1136
2023,VatLy,9.75,368
2023,VatLy,10.0,70
2024,DiaLy,0.25,2
2024,DiaLy,0.5,1
2024,DiaLy,0.75,2
2024,DiaLy,1.0,13
2024,DiaLy,1.25,24
2024,DiaLy,1.5,52
2024,DiaLy,1.75,75
2024,DiaLy,2.0,141
2024,DiaLy,2.25,249
2024,DiaLy,2.5,374
2024,DiaLy,2.75,587
2024,DiaLy,3.0,878
2024,DiaLy,3.25,1211
2024,DiaLy,3.5,1764
2024,DiaLy,3.75,2422
2024,DiaLy,4.0,3304
2024,DiaLy,4.25,4558
2024,DiaLy,4.5,6373
2024,DiaLy,4.75,8658
2024,DiaLy,5.0,11616
2024,DiaLy,5.25,15404
2024,DiaLy,5.5,20212
2024,DiaLy,5.75,26101
2024,DiaLy,6.0,32569
2024,DiaLy,6.25,38599
2024,DiaLy,6.5,44920
2024,DiaLy,6.75,50251
2024,DiaLy,7.0,53350
2024,DiaLy,7.25,55594
2024,DiaLy,7.5,54671
2024,DiaLy,7.75,52133
2024,DiaLy,8.0,47364
2024,DiaLy,8.25,41702
2024,DiaLy,8.5,35562
2024,DiaLy,8.75,29067
2024,DiaLy,9.0,23265
2024,DiaLy,9.25,18112
2024,DiaLy,9.5,12621
2024,DiaLy,9.75,7647
2024,DiaLy,10.0,3175
2024,GDCD,1.0,1
2024,GDCD,1.25,5
2024,GDCD,1.5,8
2024,GDCD,1.75,23
2024,GDCD,2.0,26
2024,GDCD,2.25,48
2024,GDCD,2.5,54
2024,GDCD,2.75,70
2024,GDCD,3.0,108
2024,GDCD,3.25,158
2024,GDCD,3.5,226
2024,GDCD,3.75,311
2024,GDCD,4.0,474
2024,GDCD,4.25,682
2024,GDCD,4.5,979
2024,GDCD,4.75,1323
2024,GDCD,5.0,1885
2024,GDCD,5.25,2627
2024,GDCD,5.5,3712
2024,GDCD,5.75,5204
2024,GDCD,6.0,7143
2024,GDCD,6.25,10047
2024,GDCD,6.5,13536
2024,GDCD,6.75,17935
2024,GDCD,7.0,23295
2024,GDCD,7.25,29574
2024,GDCD,7.5,36595
2024,GDCD,7.75,43315
2024,GDCD,8.0,50689
2024,GDCD,8.25,55888
2024,GDCD,8.5,59083
2024,GDCD,8.75,60143
2024,GDCD,9.0,56721
2024,GDCD,9.25,48214
2024,GDCD,9.5,33591
2024,GDCD,9.75,16232
2024,GDCD,10.0,3661
2024,HoaHoc,0.25,2
2024,HoaHoc,1.0,4
2024,HoaHoc,1.25,21
2024,HoaHoc,1.5,65
2024,HoaHoc,1.75,152
2024,HoaHoc,2.0,336
2024,HoaHoc,2.25,547
2024,HoaHoc,2.5,952
2024,HoaHoc,2.75,1660
2024,HoaHoc,3.0,2350
2024,HoaHoc,3.25,3363
2024,HoaHoc,3.5,4595
2024,HoaHoc,3.75,5721
2024,HoaHoc,4.0,6831
2024,HoaHoc,4.25,8252
2024,HoaHoc,4.5,9470
2024,HoaHoc,4.75,10643
2024,HoaHoc,5.0,11977
2024,HoaHoc,5.25,12851
2024,HoaHoc,5.5,13681
2024,HoaHoc,5.75,14742
2024,HoaHoc,6.0,15426
2024,HoaHoc,6.25,16022
2024,HoaHoc,6.5,16995
2024,HoaHoc,6.75,17927
2024,HoaHoc,7.0,18690
2024,HoaHoc,7.25,19438
2024,HoaHoc,7.5,20217
2024,HoaHoc,7.75,20244
2024,HoaHoc,8.0,19689
2024,HoaHoc,8.25,18325
2024,HoaHoc,8.5,15928
2024,HoaHoc,8.75,13117
2024,HoaHoc,9.0,10157
2024,HoaHoc,9.25,7244
2024,HoaHoc,9.5,4831
2024,HoaHoc,9.75,2764
2024,HoaHoc,10.0,1278
2024,LichSu,0.5,2
2024,LichSu,0.75,4
2024,LichSu,1.0,8
2024,LichSu,1.25,32
2024,LichSu,1.5,55
2024,LichSu,1.75,139
2024,LichSu,2.0,312
2024,LichSu,2.25,550
2024,LichSu,2.5,936
2024,LichSu,2.75,1687
2024,LichSu,3.0,2624
2024,LichSu,3.25,4134
2024,LichSu,3.5,5890
2024,LichSu,3.75,8333
2024,LichSu,4.0,11241
2024,LichSu,4.25,14801
2024,LichSu,4.5,18562
2024,LichSu,4.75,22790
2024,LichSu,5.0,27004
2024,LichSu,5.25,31628
2024,LichSu,5.5,35434
2024,LichSu,5.75,38932
2024,LichSu,6.0,42223
2024,LichSu,6.25,44411
2024,LichSu,6.5,46091
2024,LichSu,6.75,46238
2024,LichSu,7.0,45469
2024,LichSu,7.25,43066
2024,LichSu,7.5,39378
2024,LichSu,7.75,35701
2024,LichSu,8.0,31363
2024,LichSu,8.25,26577
2024,LichSu,8.5,21979
2024,LichSu,8.75,17729
2024,LichSu,9.0,14175
2024,LichSu,9.25,11038
2024,LichSu,9.5,8153
2024,LichSu,9.75,5411
2024,LichSu,10.0,2108
2024,NgoaiNgu,0.4,1
2024,NgoaiNgu,0.6,8
2024,NgoaiNgu,0.8,31
2024,NgoaiNgu,1.0,91
2024,NgoaiNgu,1.2,273
2024,NgoaiNgu,1.4,738
2024,NgoaiNgu,1.6,1535
2024,NgoaiNgu,1.8,2739
2024,NgoaiNgu,2.0,4767
2024,NgoaiNgu,2.2,7225
2024,NgoaiNgu,2.4,10179
2024,NgoaiNgu,2.6,13784
2024,NgoaiNgu,2.8,17394
2024,NgoaiNgu,3.0,20952
2024,NgoaiNgu,3.2,24610
2024,NgoaiNgu,3.4,27706
2024,NgoaiNgu,3.6,30801
2024,NgoaiNgu,3.8,33201
2024,NgoaiNgu,4.0,35801
2024,NgoaiNgu,4.2,37823
2024,NgoaiNgu,4.4,39337
2024,NgoaiNgu,4.6,39561
2024,NgoaiNgu,4.8,39376
2024,NgoaiNgu,5.0,38371
2024,NgoaiNgu,5.2,36547
2024,NgoaiNgu,5.4,34535
2024,NgoaiNgu,5.6,32143
2024,NgoaiNgu,5.8,30038
2024,NgoaiNgu,6.0,27884
2024,NgoaiNgu,6.2,25754
2024,NgoaiNgu,6.4,23934
2024,NgoaiNgu,6.6,22251
2024,NgoaiNgu,6.8,21387
2024,NgoaiNgu,7.0,20365
2024,NgoaiNgu,7.2,19900
2024,NgoaiNgu,7.4,19248
2024,NgoaiNgu,7.6,19471
2024,NgoaiNgu,7.8,19458
2024,NgoaiNgu,8.0,19717
2024,NgoaiNgu,8.2,19519
2024,NgoaiNgu,8.4,19148
2024,NgoaiNgu,8.6,18355
2024,NgoaiNgu,8.8,16539
2024,NgoaiNgu,9.0,13936
2024,NgoaiNgu,9.2,10586
2024,NgoaiNgu,9.4,7762
2024,NgoaiNgu,9.6,4964
2024,NgoaiNgu,9.8,2312
2024,NgoaiNgu,10.0,645
2024,NguVan,0.25,10
2024,NguVan,0.5,11
2024,NguVan,0.75,11
2024,NguVan,1.0,7
2024,NguVan,1.25,187
2024,NguVan,1.5,319
2024,NguVan,1.75,372
2024,NguVan,2.0,658
2024,NguVan,2.17,1
2024,NguVan,2.25,757
2024,NguVan,2.5,1178
2024,NguVan,2.58,2
2024,NguVan,2.67,4
2024,NguVan,2.75,1504
2024,NguVan,2.91,1
2024,NguVan,2.92,2
2024,NguVan,3.0,2191
2024,NguVan,3.06,1
2024,NguVan,3.08,2
2024,NguVan,3.16,1
2024,NguVan,3.17,2
2024,NguVan,3.25,2587
2024,NguVan,3.3,1
2024,NguVan,3.33,7
2024,NguVan,3.34,1
2024,NguVan,3.4,1
2024,NguVan,3.41,1
2024,NguVan,3.42,5
2024,NguVan,3.5,3668
2024,NguVan,3.58,9
2024,NguVan,3.59,1
2024,NguVan,3.6,2
2024,NguVan,3.66,5
2024,NguVan,3.67,10
2024,NguVan,3.75,4486
2024,NguVan,3.83,8
2024,NguVan,3.91,2
2024,NguVan,3.92,15
2024,NguVan,4.0,6940
2024,NguVan,4.08,14
2024,NguVan,4.1,2
2024,NguVan,4.16,3
2024,NguVan,4.17,14
2024,NguVan,4.19,1
2024,NguVan,4.2,2
2024,NguVan,4.25,7577
2024,NguVan,4.3,2
2024,NguVan,4.33,19
2024,NguVan,4.41,4
2024,NguVan,4.42,14
2024,NguVan,4.5,10422
2024,NguVan,4.58,28
2024,NguVan,4.59,2
2024,NguVan,4.6,2
2024,NguVan,4.66,3
2024,NguVan,4.67,21
2024,NguVan,4.75,9999
2024,NguVan,4.8,1
2024,NguVan,4.83,42
2024,NguVan,4.84,1
2024,NguVan,4.92,31
2024,NguVan,5.0,22720
2024,NguVan,5.04,1
2024,NguVan,5.08,47
2024,NguVan,5.1,1
2024,NguVan,5.16,6
2024,NguVan,5.17,40
2024,NguVan,5.2,2
2024,NguVan,5.25,21130
2024,NguVan,5.3,2
2024,NguVan,5.33,54
2024,NguVan,5.41,7
2024,NguVan,5.42,59
2024,NguVan,5.5,28865
2024,NguVan,5.58,69
2024,NguVan,5.6,7
2024,NguVan,5.66,7
2024,NguVan,5.67,69
2024,NguVan,5.68,1
2024,NguVan,5.7,3
2024,NguVan,5.73,1
2024,NguVan,5.75,32625
2024,NguVan,5.8,3
2024,NguVan,5.83,91
2024,NguVan,5.85,1
2024,NguVan,5.91,9
2024,NguVan,5.92,92
2024,NguVan,6.0,45026
2024,NguVan,6.01,1
2024,NguVan,6.05,1
2024,NguVan,6.08,113
2024,NguVan,6.09,1
2024,NguVan,6.1,4
2024,NguVan,6.15,1
2024,NguVan,6.16,17
2024,NguVan,6.17,97
2024,NguVan,6.18,1
2024,NguVan,6.2,4
2024,NguVan,6.25,46737
2024,NguVan,6.3,4
2024,NguVan,6.33,112
2024,NguVan,6.34,1
2024,NguVan,6.41,25
2024,NguVan,6.42,120
2024,NguVan,6.43,1
2024,NguVan,6.47,1
2024,NguVan,6.5,59531
2024,NguVan,6.57,1
2024,NguVan,6.58,153
2024,NguVan,6.59,1
2024,NguVan,6.6,6
2024,NguVan,6.66,11
2024,NguVan,6.67,118
2024,NguVan,6.7,3
2024,NguVan,6.75,60407
2024,NguVan,6.76,1
2024,NguVan,6.8,8
2024,NguVan,6.83,173
2024,NguVan,6.9,3
2024,NguVan,6.91,16
2024,NguVan,6.92,122
2024,NguVan,7.0,74971
2024,NguVan,7.08,152
2024,NguVan,7.09,1
2024,NguVan,7.1,1
2024,NguVan,7.12,1
2024,NguVan,7.16,12
2024,NguVan,7.17,147
2024,NguVan,7.2,3
2024,NguVan,7.22,1
2024,NguVan,7.25,68429
2024,NguVan,7.26,1
2024,NguVan,7.27,1
2024,NguVan,7.3,6
2024,NguVan,7.33,116
2024,NguVan,7.36,1
2024,NguVan,7.38,1
2024,NguVan,7.4,5
2024,NguVan,7.41,16
2024,NguVan,7.42,117
2024,NguVan,7.46,2
2024,NguVan,7.5,80134
2024,NguVan,7.55,1
2024,NguVan,7.58,133
2024,NguVan,7.6,9
2024,NguVan,7.63,1
2024,NguVan,7.66,12
2024,NguVan,7.67,87
2024,NguVan,7.68,1
2024,NguVan,7.7,3
2024,NguVan,7.75,75758
2024,NguVan,7.77,1
2024,NguVan,7.8,9
2024,NguVan,7.83,88
2024,NguVan,7.88,1
2024,NguVan,7.9,5
2024,NguVan,7.91,6
2024,NguVan,7.92,61
2024,NguVan,7.96,1
2024,NguVan,8.0,85848
2024,NguVan,8.02,1
2024,NguVan,8.08,65
2024,NguVan,8.09,1
2024,NguVan,8.1,1
2024,NguVan,8.16,2
2024,NguVan,8.17,43
2024,NguVan,8.2,4
2024,NguVan,8.25,70444
2024,NguVan,8.3,6
2024,NguVan,8.33,27
2024,NguVan,8.4,2
2024,NguVan,8.41,2
2024,NguVan,8.42,17
2024,NguVan,8.5,72213
2024,NguVan,8.55,1
2024,NguVan,8.58,10
2024,NguVan,8.6,2
2024,NguVan,8.63,1
2024,NguVan,8.67,19
2024,NguVan,8.7,2
2024,NguVan,8.75,57111
2024,NguVan,8.83,3
2024,NguVan,8.92,1
2024,NguVan,9.0,49253
2024,NguVan,9.25,26758
2024,NguVan,9.5,14197
2024,NguVan,9.75,1843
2024,NguVan,10.0,2
2024,SinhHoc,0.5,1
2024,SinhHoc,0.75,2
2024,SinhHoc,1.0,11
2024,SinhHoc,1.25,15
2024,SinhHoc,1.5,38
2024,SinhHoc,1.75,75
2024,SinhHoc,2.0,134
2024,SinhHoc,2.25,221
2024,SinhHoc,2.5,357
2024,SinhHoc,2.75,597
2024,SinhHoc,3.0,898
2024,SinhHoc,3.25,1489
2024,SinhHoc,3.5,2257
2024,SinhHoc,3.75,3498
2024,SinhHoc,4.0,5491
2024,SinhHoc,4.25,7544
2024,SinhHoc,4.5,10205
2024,SinhHoc,4.75,13000
2024,SinhHoc,5.0,16114
2024,SinhHoc,5.25,18721
2024,SinhHoc,5.5,21363
2024,SinhHoc,5.75,23825
2024,SinhHoc,6.0,25170
2024,SinhHoc,6.25,25969
2024,SinhHoc,6.5,26129
2024,SinhHoc,6.75,25176
2024,SinhHoc,7.0,23773
2024,SinhHoc,7.25,21545
2024,SinhHoc,7.5,18754
2024,SinhHoc,7.75,15533
2024,SinhHoc,8.0,12398
2024,SinhHoc,8.25,8857
2024,SinhHoc,8.5,5967
2024,SinhHoc,8.75,3591
2024,SinhHoc,9.0,1930
2024,SinhHoc,9.25,1045
2024,SinhHoc,9.5,446
2024,SinhHoc,9.75,170
2024,SinhHoc,10.0,34
2024,Toan,0.4,1
2024,Toan,0.6,5
2024,Toan,0.8,12
2024,Toan,1.0,43
2024,Toan,1.2,126
2024,Toan,1.4,278
2024,Toan,1.6,619
2024,Toan,1.8,1156
2024,Toan,2.0,1975
2024,Toan,2.2,2935
2024,Toan,2.4,4279
2024,Toan,2.6,5681
2024,Toan,2.8,7304
2024,Toan,3.0,8593
2024,Toan,3.2,10076
2024,Toan,3.4,11770
2024,Toan,3.6,13026
2024,Toan,3.8,14851
2024,Toan,4.0,16457
2024,Toan,4.2,17680
2024,Toan,4.4,19896
2024,Toan,4.6,21858
2024,Toan,4.8,24293
2024,Toan,5.0,26556
2024,Toan,5.2,28625
2024,Toan,5.4,31311
2024,Toan,5.6,34540
2024,Toan,5.8,37438
2024,Toan,6.0,40255
2024,Toan,6.2,43553
2024,Toan,6.4,46501
2024,Toan,6.6,49309
2024,Toan,6.8,51589
2024,Toan,7.0,53000
2024,Toan,7.2,54349
2024,Toan,7.4,55273
2024,Toan,7.6,56017
2024,Toan,7.8,55990
2024,Toan,8.0,54182
2024,Toan,8.2,48784
2024,Toan,8.4,39796
2024,Toan,8.6,27884
2024,Toan,8.8,16048
2024,Toan,9.0,7573
2024,Toan,9.2,2899
2024,Toan,9.4,962
2024,Toan,9.6,221
2024,Toan,9.8,43
2024,VatLy,0.25,1
2024,VatLy,0.5,2
2024,VatLy,0.75,11
2024,VatLy,1.0,31
2024,VatLy,1.25,57
2024,VatLy,1.5,152
2024,VatLy,1.75,356
2024,VatLy,2.0,605
2024,VatLy,2.25,1000
2024,VatLy,2.5,1518
2024,VatLy,2.75,2263
2024,VatLy,3.0,2993
2024,VatLy,3.25,3982
2024,VatLy,3.5,4833
2024,VatLy,3.75,5748
2024,VatLy,4.0,6948
2024,VatLy,4.25,7745
2024,VatLy,4.5,8580
2024,VatLy,4.75,9659
2024,VatLy,5.0,10432
2024,VatLy,5.25,11147
2024,VatLy,5.5,11909
2024,VatLy,5.75,12852
2024,VatLy,6.0,13597
2024,VatLy,6.25,14618
2024,VatLy,6.5,15769
2024,VatLy,6.75,17294
2024,VatLy,7.0,19005
2024,VatLy,7.25,21122
2024,VatLy,7.5,22949
2024,VatLy,7.75,24287
2024,VatLy,8.0,24625
2024,VatLy,8.25,22704
2024,VatLy,8.5,18549
2024,VatLy,8.75,13415
2024,VatLy,9.0,8278
2024,VatLy,9.25,4383
2024,VatLy,9.5,1667
2024,VatLy,9.75,470
2024,VatLy,10.0,55
2025,CongNgheCongNghiep,2.3,1
2025,CongNgheCongNghiep,2.45,1
2025,CongNgheCongNghiep,2.5,1
2025,CongNgheCongNghiep,2.6,3
2025,CongNgheCongNghiep,2.7,1
2025,CongNgheCongNghiep,2.8,2
2025,CongNgheCongNghiep,2.85,4
2025,CongNgheCongNghiep,2.95,2
2025,CongNgheCongNghiep,3.0,4
2025,CongNgheCongNghiep,3.1,20
2025,CongNgheCongNghiep,3.2,5
2025,CongNgheCongNghiep,3.25,10
2025,CongNgheCongNghiep,3.3,1
2025,CongNgheCongNghiep,3.35,27
2025,CongNgheCongNghiep,3.45,9
2025,CongNgheCongNghiep,3.5,18
2025,CongNgheCongNghiep,3.6,23
2025,CongNgheCongNghiep,3.7,8
2025,CongNgheCongNghiep,3.75,32
2025,CongNgheCongNghiep,3.8,1
2025,CongNgheCongNghiep,3.85,46
2025,CongNgheCongNghiep,3.9,1
2025,CongNgheCongNghiep,3.95,22
2025,CongNgheCongNghiep,4.0,51
2025,CongNgheCongNghiep,4.1,53
2025,CongNgheCongNghiep,4.2,17
2025,CongNgheCongNghiep,4.25,70
2025,CongNgheCongNghiep,4.35,63
2025,CongNgheCongNghiep,4.45,15
2025,CongNgheCongNghiep,4.5,61
2025,CongNgheCongNghiep,4.55,2
2025,CongNgheCongNghiep,4.6,52
2025,CongNgheCongNghiep,4.7,10
2025,CongNgheCongNghiep,4.75,85
2025,CongNgheCongNghiep,4.85,47
2025,CongNgheCongNghiep,4.95,12
2025,CongNgheCongNghiep,5.0,70
2025,CongNgheCongNghiep,5.1,48
2025,CongNgheCongNghiep,5.2,9
2025,CongNgheCongNghiep,5.25,76
2025,CongNgheCongNghiep,5.35,49
2025,CongNgheCongNghiep,5.45,9
2025,CongNgheCongNghiep,5.5,86
2025,CongNgheCongNghiep,5.6,35
2025,CongNgheCongNghiep,5.7,2
2025,CongNgheCongNghiep,5.75,84
2025,CongNgheCongNghiep,5.85,30
2025,CongNgheCongNghiep,5.95,1
2025,CongNgheCongNghiep,6.0,88
2025,CongNgheCongNghiep,6.1,30
2025,CongNgheCongNghiep,6.2,4
2025,CongNgheCongNghiep,6.25,87
2025,CongNgheCongNghiep,6.35,27
2025,CongNgheCongNghiep,6.45,2
2025,CongNgheCongNghiep,6.5,80
2025,CongNgheCongNghiep,6.6,24
2025,CongNgheCongNghiep,6.7,1
2025,CongNgheCongNghiep,6.75,66
2025,CongNgheCongNghiep,6.85,16
2025,CongNgheCongNghiep,7.0,86
2025,CongNgheCongNghiep,7.1,16
2025,CongNgheCongNghiep,7.25,76
2025,CongNgheCongNghiep,7.35,12
2025,CongNgheCongNghiep,7.5,74
2025,CongNgheCongNghiep,7.6,6
2025,CongNgheCongNghiep,7.75,54
2025,CongNgheCongNghiep,7.85,5
2025,CongNgheCongNghiep,8.0,61
2025,CongNgheCongNghiep,8.1,2
2025,CongNgheCongNghiep,8.25,40
2025,CongNgheCongNghiep,8.35,6
2025,CongNgheCongNghiep,8.5,45
2025,CongNgheCongNghiep,8.6,2
2025,CongNgheCongNghiep,8.75,34
2025,CongNgheCongNghiep,8.85,1
2025,CongNgheCongNghiep,9.0,24
2025,CongNgheCongNghiep,9.25,18
2025,CongNgheCongNghiep,9.5,15
2025,CongNgheCongNghiep,9.75,5
2025,CongNgheCongNghiep,10.0,4
2025,CongNgheNongNghiep,1.55,1
2025,CongNgheNongNghiep,1.85,2
2025,CongNgheNongNghiep,1.95,1
2025,CongNgheNongNghiep,2.1,1
2025,CongNgheNongNghiep,2.2,1
2025,CongNgheNongNghiep,2.35,3
2025,CongNgheNongNghiep,2.45,2
2025,CongNgheNongNghiep,2.6,5
2025,CongNgheNongNghiep,2.7,3
2025,CongNgheNongNghiep,2.75,3
2025,CongNgheNongNghiep,2.85,8
2025,CongNgheNongNghiep,3.0,4
2025,CongNgheNongNghiep,3.1,3
2025,CongNgheNongNghiep,3.2,5
2025,CongNgheNongNghiep,3.25,10
2025,CongNgheNongNghiep,3.3,1
2025,CongNgheNongNghiep,3.35,11
2025,CongNgheNongNghiep,3.45,8
2025,CongNgheNongNghiep,3.5,10
2025,CongNgheNongNghiep,3.6,21
2025,CongNgheNongNghiep,3.7,7
2025,CongNgheNongNghiep,3.75,14
2025,CongNgheNongNghiep,3.8,1
2025,CongNgheNongNghiep,3.85,20
2025,CongNgheNongNghiep,3.9,1
2025,CongNgheNongNghiep,3.95,4
2025,CongNgheNongNghiep,4.0,18
2025,CongNgheNongNghiep,4.1,28
2025,CongNgheNongNghiep,4.2,7
2025,CongNgheNongNghiep,4.25,24
2025,CongNgheNongNghiep,4.35,23
2025,CongNgheNongNghiep,4.45,6
2025,CongNgheNongNghiep,4.5,50
2025,CongNgheNongNghiep,4.6,30
2025,CongNgheNongNghiep,4.7,6
2025,CongNgheNongNghiep,4.75,67
2025,CongNgheNongNghiep,4.85,56
2025,CongNgheNongNghiep,4.95,8
2025,CongNgheNongNghiep,5.0,93
2025,CongNgheNongNghiep,5.1,66
2025,CongNgheNongNghiep,5.2,10
2025,CongNgheNongNghiep,5.25,137
2025,CongNgheNongNghiep,5.3,1
2025,CongNgheNongNghiep,5.35,91
2025,CongNgheNongNghiep,5.45,12
2025,CongNgheNongNghiep,5.5,185
2025,CongNgheNongNghiep,5.6,105
2025,CongNgheNongNghiep,5.7,13
2025,CongNgheNongNghiep,5.75,288
2025,CongNgheNongNghiep,5.85,133
2025,CongNgheNongNghiep,5.95,8
2025,CongNgheNongNghiep,6.0,368
2025,CongNgheNongNghiep,6.1,138
2025,CongNgheNongNghiep,6.2,9
2025,CongNgheNongNghiep,6.25,526
2025,CongNgheNongNghiep,6.35,150
2025,CongNgheNongNghiep,6.45,8
2025,CongNgheNongNghiep,6.5,702
2025,CongNgheNongNghiep,6.6,160
2025,CongNgheNongNghiep,6.7,5
2025,CongNgheNongNghiep,6.75,896
2025,CongNgheNongNghiep,6.85,178
2025,CongNgheNongNghiep,6.95,3
2025,CongNgheNongNghiep,7.0,1181
2025,CongNgheNongNghiep,7.1,159
2025,CongNgheNongNghiep,7.2,2
2025,CongNgheNongNghiep,7.25,1436
2025,CongNgheNongNghiep,7.35,155
2025,CongNgheNongNghiep,7.45,2
2025,CongNgheNongNghiep,7.5,1638
2025,CongNgheNongNghiep,7.6,112
2025,CongNgheNongNghiep,7.7,2
2025,CongNgheNongNghiep,7.75,1756
2025,CongNgheNongNghiep,7.85,88
2025,CongNgheNongNghiep,8.0,1874
2025,CongNgheNongNghiep,8.1,41
2025,CongNgheNongNghiep,8.25,1893
2025,CongNgheNongNghiep,8.35,30
2025,CongNgheNongNghiep,8.5,1810
2025,CongNgheNongNghiep,8.6,11
2025,CongNgheNongNghiep,8.75,1616
2025,CongNgheNongNghiep,8.85,10
2025,CongNgheNongNghiep,9.0,1369
2025,CongNgheNongNghiep,9.1,3
2025,CongNgheNongNghiep,9.25,1015
2025,CongNgheNongNghiep,9.5,660
2025,CongNgheNongNghiep,9.75,326
2025,CongNgheNongNghiep,10.0,101
2025,DiaLy,0.25,2
2025,DiaLy,0.5,1
2025,DiaLy,0.6,1
2025,DiaLy,0.75,3
2025,DiaLy,0.85,2
2025,DiaLy,0.95,3
2025,DiaLy,1.0,4
2025,DiaLy,1.05,2
2025,DiaLy,1.1,4
2025,DiaLy,1.2,8
2025,DiaLy,1.25,9
2025,DiaLy,1.3,2
2025,DiaLy,1.35,16
2025,DiaLy,1.4,1
2025,DiaLy,1.45,18
2025,DiaLy,1.5,32
2025,DiaLy,1.55,11
2025,DiaLy,1.6,59
2025,DiaLy,1.65,2
2025,DiaLy,1.7,58
2025,DiaLy,1.75,46
2025,DiaLy,1.8,23
2025,DiaLy,1.85,122
2025,DiaLy,1.9,1
2025,DiaLy,1.95,118
2025,DiaLy,2.0,115
2025,DiaLy,2.05,36
2025,DiaLy,2.1,271
2025,DiaLy,2.15,4
2025,DiaLy,2.2,200
2025,DiaLy,2.25,216
2025,DiaLy,2.3,51
2025,DiaLy,2.35,514
2025,DiaLy,2.4,3
2025,DiaLy,2.45,331
2025,DiaLy,2.5,412
2025,DiaLy,2.55,67
2025,DiaLy,2.6,838
2025,DiaLy,2.65,7
2025,DiaLy,2.7,491
2025,DiaLy,2.75,757
2025,DiaLy,2.8,72
2025,DiaLy,2.85,1330
2025,DiaLy,2.9,5
2025,DiaLy,2.95,677
2025,DiaLy,3.0,1237
2025,DiaLy,3.05,94
2025,DiaLy,3.1,1949
2025,DiaLy,3.15,4
2025,DiaLy,3.2,843
2025,DiaLy,3.25,1816
2025,DiaLy,3.3,95
2025,DiaLy,3.35,2606
2025,DiaLy,3.4,5
2025,DiaLy,3.45,1107
2025,DiaLy,3.5,2571
2025,DiaLy,3.55,95
2025,DiaLy,3.6,3506
2025,DiaLy,3.65,2
2025,DiaLy,3.7,1233
2025,DiaLy,3.75,3294
2025,DiaLy,3.8,103
2025,DiaLy,3.85,4206
2025,DiaLy,3.9,1
2025,DiaLy,3.95,1507
2025,DiaLy,4.0,4496
2025,DiaLy,4.05,107
2025,DiaLy,4.1,5002
2025,DiaLy,4.15,2
2025,DiaLy,4.2,1579
2025,DiaLy,4.25,5253
2025,DiaLy,4.3,93
2025,DiaLy,4.35,5989
2025,DiaLy,4.4,4
2025,DiaLy,4.45,1703
2025,DiaLy,4.5,6513
2025,DiaLy,4.55,87
2025,DiaLy,4.6,6665
2025,DiaLy,4.7,1636
2025,DiaLy,4.75,7679
2025,DiaLy,4.8,75
2025,DiaLy,4.85,7258
2025,DiaLy,4.95,1691
2025,DiaLy,5.0,8684
2025,DiaLy,5.05,64
2025,DiaLy,5.1,7882
2025,DiaLy,5.2,1578
2025,DiaLy,5.25,10004
2025,DiaLy,5.3,40
2025,DiaLy,5.35,8095
2025,DiaLy,5.45,1485
2025,DiaLy,5.5,10964
2025,DiaLy,5.55,42
2025,DiaLy,5.6,7992
2025,DiaLy,5.7,1264
2025,DiaLy,5.75,12388
2025,DiaLy,5.8,29
2025,DiaLy,5.85,8185
2025,DiaLy,5.95,1103
2025,DiaLy,6.0,13262
2025,DiaLy,6.05,25
2025,DiaLy,6.1,8035
2025,DiaLy,6.2,914
2025,DiaLy,6.25,14542
2025,DiaLy,6.3,6
2025,DiaLy,6.35,7691
2025,DiaLy,6.45,716
2025,DiaLy,6.5,15593
2025,DiaLy,6.55,4
2025,DiaLy,6.6,7183
2025,DiaLy,6.7,532
2025,DiaLy,6.75,16480
2025,DiaLy,6.85,6638
2025,DiaLy,6.95,303
2025,DiaLy,7.0,17201
2025,DiaLy,7.1,5658
2025,DiaLy,7.2,187
2025,DiaLy,7.25,17738
2025,DiaLy,7.35,4742
2025,DiaLy,7.45,105
2025,DiaLy,7.5,18053
2025,DiaLy,7.6,3847
2025,DiaLy,7.7,38
2025,DiaLy,7.75,18094
2025,DiaLy,7.85,2878
2025,DiaLy,7.95,18
2025,DiaLy,8.0,17904
2025,DiaLy,8.1,2030
2025,DiaLy,8.2,2
2025,DiaLy,8.25,17505
2025,DiaLy,8.35,1357
2025,DiaLy,8.5,16983
2025,DiaLy,8.6,795
2025,DiaLy,8.75,16432
2025,DiaLy,8.85,458
2025,DiaLy,9.0,15213
2025,DiaLy,9.1,254
2025,DiaLy,9.25,13228
2025,DiaLy,9.5,11890
2025,DiaLy,9.75,6178
2025,DiaLy,10.0,6907
2025,HoaHoc,0.75,1
2025,HoaHoc,0.85,2
2025,HoaHoc,0.95,3
2025,HoaHoc,1.0,2
2025,HoaHoc,1.05,5
2025,HoaHoc,1.1,2
2025,HoaHoc,1.15,1
2025,HoaHoc,1.2,10
2025,HoaHoc,1.25,6
2025,HoaHoc,1.3,9
2025,HoaHoc,1.35,27
2025,HoaHoc,1.4,3
2025,HoaHoc,1.45,26
2025,HoaHoc,1.5,9
2025,HoaHoc,1.55,22
2025,HoaHoc,1.6,63
2025,HoaHoc,1.65,4
2025,HoaHoc,1.7,64
2025,HoaHoc,1.75,37
2025,HoaHoc,1.8,38
2025,HoaHoc,1.85,122
2025,HoaHoc,1.9,4
2025,HoaHoc,1.95,125
2025,HoaHoc,2.0,102
2025,HoaHoc,2.05,51
2025,HoaHoc,2.1,303
2025,HoaHoc,2.15,3
2025,HoaHoc,2.2,249
2025,HoaHoc,2.25,232
2025,HoaHoc,2.3,62
2025,HoaHoc,2.35,556
2025,HoaHoc,2.4,4
2025,HoaHoc,2.45,359
2025,HoaHoc,2.5,454
2025,HoaHoc,2.55,87
2025,HoaHoc,2.6,938
2025,HoaHoc,2.65,3
2025,HoaHoc,2.7,524
2025,HoaHoc,2.75,769
2025,HoaHoc,2.8,119
2025,HoaHoc,2.85,1237
2025,HoaHoc,2.9,6
2025,HoaHoc,2.95,693
2025,HoaHoc,3.0,1177
2025,HoaHoc,3.05,119
2025,HoaHoc,3.1,1863
2025,HoaHoc,3.15,3
2025,HoaHoc,3.2,782
2025,HoaHoc,3.25,1901
2025,HoaHoc,3.3,101
2025,HoaHoc,3.35,2356
2025,HoaHoc,3.4,3
2025,HoaHoc,3.45,875
2025,HoaHoc,3.5,2455
2025,HoaHoc,3.55,108
2025,HoaHoc,3.6,2861
2025,HoaHoc,3.65,5
2025,HoaHoc,3.7,925
2025,HoaHoc,3.75,3312
2025,HoaHoc,3.8,98
2025,HoaHoc,3.85,3251
2025,HoaHoc,3.9,3
2025,HoaHoc,3.95,975
2025,HoaHoc,4.0,4177
2025,HoaHoc,4.05,63
2025,HoaHoc,4.1,3667
2025,HoaHoc,4.15,1
2025,HoaHoc,4.2,891
2025,HoaHoc,4.25,5157
2025,HoaHoc,4.3,50
2025,HoaHoc,4.35,4000
2025,HoaHoc,4.4,1
2025,HoaHoc,4.45,743
2025,HoaHoc,4.5,5950
2025,HoaHoc,4.55,41
2025,HoaHoc,4.6,3905
2025,HoaHoc,4.65,2
2025,HoaHoc,4.7,628
2025,HoaHoc,4.75,6726
2025,HoaHoc,4.8,18
2025,HoaHoc,4.85,3857
2025,HoaHoc,4.95,524
2025,HoaHoc,5.0,7703
2025,HoaHoc,5.05,7
2025,HoaHoc,5.1,3720
2025,HoaHoc,5.2,341
2025,HoaHoc,5.25,8199
2025,HoaHoc,5.3,6
2025,HoaHoc,5.35,3137
2025,HoaHoc,5.45,231
2025,HoaHoc,5.5,8756
2025,HoaHoc,5.55,5
2025,HoaHoc,5.6,2846
2025,HoaHoc,5.7,127
2025,HoaHoc,5.75,9228
2025,HoaHoc,5.8,1
2025,HoaHoc,5.85,2265
2025,HoaHoc,5.95,75
2025,HoaHoc,6.0,9280
2025,HoaHoc,6.1,1892
2025,HoaHoc,6.2,56
2025,HoaHoc,6.25,9300
2025,HoaHoc,6.35,1415
2025,HoaHoc,6.45,30
2025,HoaHoc,6.5,8948
2025,HoaHoc,6.6,1085
2025,HoaHoc,6.7,10
2025,HoaHoc,6.75,8970
2025,HoaHoc,6.85,738
2025,HoaHoc,6.95,7
2025,HoaHoc,7.0,8795
2025,HoaHoc,7.1,499
2025,HoaHoc,7.2,1
2025,HoaHoc,7.25,8340
2025,HoaHoc,7.35,385
2025,HoaHoc,7.5,8293
2025,HoaHoc,7.6,205
2025,HoaHoc,7.75,7909
2025,HoaHoc,7.85,94
2025,HoaHoc,8.0,7768
2025,HoaHoc,8.1,57
2025,HoaHoc,8.25,7269
2025,HoaHoc,8.35,20
2025,HoaHoc,8.5,7079
2025,HoaHoc,8.6,1
2025,HoaHoc,8.75,6292
2025,HoaHoc,8.85,1
2025,HoaHoc,9.0,5693
2025,HoaHoc,9.25,5058
2025,HoaHoc,9.5,3769
2025,HoaHoc,9.75,2694
2025,HoaHoc,10.0,625
2025,KinhTePhapLuat,1.25,1
2025,KinhTePhapLuat,1.45,1
2025,KinhTePhapLuat,1.5,1
2025,KinhTePhapLuat,1.55,1
2025,KinhTePhapLuat,1.6,2
2025,KinhTePhapLuat,1.7,2
2025,KinhTePhapLuat,1.75,2
2025,KinhTePhapLuat,1.8,2
2025,KinhTePhapLuat,1.85,3
2025,KinhTePhapLuat,1.95,4
2025,KinhTePhapLuat,2.0,1
2025,KinhTePhapLuat,2.05,2
2025,KinhTePhapLuat,2.1,6
2025,KinhTePhapLuat,2.2,10
2025,KinhTePhapLuat,2.25,6
2025,KinhTePhapLuat,2.3,3
2025,KinhTePhapLuat,2.35,18
2025,KinhTePhapLuat,2.45,19
2025,KinhTePhapLuat,2.5,14
2025,KinhTePhapLuat,2.55,3
2025,KinhTePhapLuat,2.6,30
2025,KinhTePhapLuat,2.7,20
2025,KinhTePhapLuat,2.75,32
2025,KinhTePhapLuat,2.8,7
2025,KinhTePhapLuat,2.85,51
2025,KinhTePhapLuat,2.95,32
2025,KinhTePhapLuat,3.0,38
2025,KinhTePhapLuat,3.05,8
2025,KinhTePhapLuat,3.1,71
2025,KinhTePhapLuat,3.2,51
2025,KinhTePhapLuat,3.25,86
2025,KinhTePhapLuat,3.3,13
2025,KinhTePhapLuat,3.35,124
2025,KinhTePhapLuat,3.45,63
2025,KinhTePhapLuat,3.5,129
2025,KinhTePhapLuat,3.55,15
2025,KinhTePhapLuat,3.6,167
2025,KinhTePhapLuat,3.7,71
2025,KinhTePhapLuat,3.75,187
2025,KinhTePhapLuat,3.8,12
2025,KinhTePhapLuat,3.85,250
2025,KinhTePhapLuat,3.95,95
2025,KinhTePhapLuat,4.0,294
2025,KinhTePhapLuat,4.05,10
2025,KinhTePhapLuat,4.1,328
2025,KinhTePhapLuat,4.15,1
2025,KinhTePhapLuat,4.2,99
2025,KinhTePhapLuat,4.25,423
2025,KinhTePhapLuat,4.3,8
2025,KinhTePhapLuat,4.35,438
2025,KinhTePhapLuat,4.45,98
2025,KinhTePhapLuat,4.5,660
2025,KinhTePhapLuat,4.55,10
2025,KinhTePhapLuat,4.6,515
2025,KinhTePhapLuat,4.7,112
2025,KinhTePhapLuat,4.75,962
2025,KinhTePhapLuat,4.8,5
2025,KinhTePhapLuat,4.85,618
2025,KinhTePhapLuat,4.95,90
2025,KinhTePhapLuat,5.0,1421
2025,KinhTePhapLuat,5.05,6
2025,KinhTePhapLuat,5.1,756
2025,KinhTePhapLuat,5.2,89
2025,KinhTePhapLuat,5.25,1884
2025,KinhTePhapLuat,5.3,5
2025,KinhTePhapLuat,5.35,816
2025,KinhTePhapLuat,5.45,99
2025,KinhTePhapLuat,5.5,2683
2025,KinhTePhapLuat,5.55,3
2025,KinhTePhapLuat,5.6,940
2025,KinhTePhapLuat,5.7,81
2025,KinhTePhapLuat,5.75,3522
2025,KinhTePhapLuat,5.8,2
2025,KinhTePhapLuat,5.85,984
2025,KinhTePhapLuat,5.95,72
2025,KinhTePhapLuat,6.0,4690
2025,KinhTePhapLuat,6.1,1078
2025,KinhTePhapLuat,6.2,71
2025,KinhTePhapLuat,6.25,6193
2025,KinhTePhapLuat,6.35,1155
2025,KinhTePhapLuat,6.45,40
2025,KinhTePhapLuat,6.5,8142
2025,KinhTePhapLuat,6.6,1160
2025,KinhTePhapLuat,6.7,40
2025,KinhTePhapLuat,6.75,10272
2025,KinhTePhapLuat,6.85,1230
2025,KinhTePhapLuat,6.95,30
2025,KinhTePhapLuat,7.0,12694
2025,KinhTePhapLuat,7.1,1167
2025,KinhTePhapLuat,7.2,12
2025,KinhTePhapLuat,7.25,15501
2025,KinhTePhapLuat,7.35,1112
2025,KinhTePhapLuat,7.45,10
2025,KinhTePhapLuat,7.5,18457
2025,KinhTePhapLuat,7.6,972
2025,KinhTePhapLuat,7.7,7
2025,KinhTePhapLuat,7.75,20779
2025,KinhTePhapLuat,7.85,877
2025,KinhTePhapLuat,7.95,1
2025,KinhTePhapLuat,8.0,22275
2025,KinhTePhapLuat,8.1,616
2025,KinhTePhapLuat,8.25,22587
2025,KinhTePhapLuat,8.35,385
2025,KinhTePhapLuat,8.5,21214
2025,KinhTePhapLuat,8.6,217
2025,KinhTePhapLuat,8.75,18406
2025,KinhTePhapLuat,8.85,81
2025,KinhTePhapLuat,9.0,14292
2025,KinhTePhapLuat,9.1,35
2025,KinhTePhapLuat,9.25,10220
2025,KinhTePhapLuat,9.5,6208
2025,KinhTePhapLuat,9.75,3037
2025,KinhTePhapLuat,10.0,1451
2025,LichSu,0.25,2
2025,LichSu,0.5,1
2025,LichSu,0.6,1
2025,LichSu,0.75,2
2025,LichSu,0.85,1
2025,LichSu,1.0,4
2025,LichSu,1.05,1
2025,LichSu,1.1,2
2025,LichSu,1.2,2
2025,LichSu,1.25,4
2025,LichSu,1.3,4
2025,LichSu,1.35,11
2025,LichSu,1.4,2
2025,LichSu,1.45,12
2025,LichSu,1.5,12
2025,LichSu,1.55,7
2025,LichSu,1.6,39
2025,LichSu,1.65,3
2025,LichSu,1.7,47
2025,LichSu,1.75,25
2025,LichSu,1.8,19
2025,LichSu,1.85,73
2025,LichSu,1.9,2
2025,LichSu,1.95,96
2025,LichSu,2.0,55
2025,LichSu,2.05,42
2025,LichSu,2.1,192
2025,LichSu,2.15,1
2025,LichSu,2.2,177
2025,LichSu,2.25,120
2025,LichSu,2.3,58
2025,LichSu,2.35,405
2025,LichSu,2.4,5
2025,LichSu,2.45,322
2025,LichSu,2.5,287
2025,LichSu,2.55,93
2025,LichSu,2.6,704
2025,LichSu,2.65,10
2025,LichSu,2.7,474
2025,LichSu,2.75,490
2025,LichSu,2.8,133
2025,LichSu,2.85,1200
2025,LichSu,2.9,6
2025,LichSu,2.95,685
2025,LichSu,3.0,911
2025,LichSu,3.05,147
2025,LichSu,3.1,1787
2025,LichSu,3.15,11
2025,LichSu,3.2,956
2025,LichSu,3.25,1520
2025,LichSu,3.3,172
2025,LichSu,3.35,2615
2025,LichSu,3.4,11
2025,LichSu,3.45,1067
2025,LichSu,3.5,2298
2025,LichSu,3.55,171
2025,LichSu,3.6,3403
2025,LichSu,3.65,6
2025,LichSu,3.7,1370
2025,LichSu,3.75,3463
2025,LichSu,3.8,177
2025,LichSu,3.85,4399
2025,LichSu,3.9,8
2025,LichSu,3.95,1426
2025,LichSu,4.0,4531
2025,LichSu,4.05,143
2025,LichSu,4.1,5205
2025,LichSu,4.15,6
2025,LichSu,4.2,1519
2025,LichSu,4.25,5969
2025,LichSu,4.3,136
2025,LichSu,4.35,5887
2025,LichSu,4.4,3
2025,LichSu,4.45,1534
2025,LichSu,4.5,7649
2025,LichSu,4.55,108
2025,LichSu,4.6,6558
2025,LichSu,4.65,4
2025,LichSu,4.7,1309
2025,LichSu,4.75,9260
2025,LichSu,4.8,80
2025,LichSu,4.85,6837
2025,LichSu,4.9,2
2025,LichSu,4.95,1174
2025,LichSu,5.0,10885
2025,LichSu,5.05,55
2025,LichSu,5.1,7031
2025,LichSu,5.2,1101
2025,LichSu,5.25,12320
2025,LichSu,5.3,46
2025,LichSu,5.35,6928
2025,LichSu,5.45,882
2025,LichSu,5.5,13992
2025,LichSu,5.55,25
2025,LichSu,5.6,6655
2025,LichSu,5.7,684
2025,LichSu,5.75,15254
2025,LichSu,5.8,23
2025,LichSu,5.85,6534
2025,LichSu,5.95,551
2025,LichSu,6.0,17360
2025,LichSu,6.05,11
2025,LichSu,6.1,5936
2025,LichSu,6.2,414
2025,LichSu,6.25,18335
2025,LichSu,6.3,4
2025,LichSu,6.35,5621
2025,LichSu,6.45,338
2025,LichSu,6.5,19535
2025,LichSu,6.55,3
2025,LichSu,6.6,5025
2025,LichSu,6.7,227
2025,LichSu,6.75,20696
2025,LichSu,6.8,1
2025,LichSu,6.85,4294
2025,LichSu,6.95,160
2025,LichSu,7.0,21561
2025,LichSu,7.1,3739
2025,LichSu,7.2,85
2025,LichSu,7.25,22503
2025,LichSu,7.35,3094
2025,LichSu,7.45,35
2025,LichSu,7.5,22421
2025,LichSu,7.6,2382
2025,LichSu,7.7,20
2025,LichSu,7.75,22339
2025,LichSu,7.85,1682
2025,LichSu,7.95,7
2025,LichSu,8.0,21634
2025,LichSu,8.1,1187
2025,LichSu,8.2,2
2025,LichSu,8.25,20152
2025,LichSu,8.35,730
2025,LichSu,8.5,18013
2025,LichSu,8.6,369
2025,LichSu,8.75,15465
2025,LichSu,8.85,170
2025,LichSu,9.0,12346
2025,LichSu,9.1,45
2025,LichSu,9.25,9072
2025,LichSu,9.5,6306
2025,LichSu,9.75,3825
2025,LichSu,10.0,1518
2025,NgoaiNgu,0.5,3
2025,NgoaiNgu,0.75,7
2025,NgoaiNgu,1.0,16
2025,NgoaiNgu,1.25,53
2025,NgoaiNgu,1.5,211
2025,NgoaiNgu,1.75,460
2025,NgoaiNgu,2.0,909
2025,NgoaiNgu,2.25,1813
2025,NgoaiNgu,2.5,2987
2025,NgoaiNgu,2.75,4705
2025,NgoaiNgu,3.0,6819
2025,NgoaiNgu,3.25,9216
2025,NgoaiNgu,3.5,11794
2025,NgoaiNgu,3.75,14711
2025,NgoaiNgu,4.0,17263
2025,NgoaiNgu,4.25,19702
2025,NgoaiNgu,4.5,21602
2025,NgoaiNgu,4.75,23174
2025,NgoaiNgu,5.0,24204
2025,NgoaiNgu,5.25,24645
2025,NgoaiNgu,5.5,23996
2025,NgoaiNgu,5.75,22735
2025,NgoaiNgu,6.0,20978
2025,NgoaiNgu,6.25,18787
2025,NgoaiNgu,6.5,16253
2025,NgoaiNgu,6.75,13879
2025,NgoaiNgu,7.0,11552
2025,NgoaiNgu,7.25,9615
2025,NgoaiNgu,7.5,7749
2025,NgoaiNgu,7.75,6241
2025,NgoaiNgu,8.0,4982
2025,NgoaiNgu,8.25,4076
2025,NgoaiNgu,8.5,3327
2025,NgoaiNgu,8.75,2804
2025,NgoaiNgu,9.0,2253
2025,NgoaiNgu,9.25,1761
2025,NgoaiNgu,9.5,1182
2025,NgoaiNgu,9.75,840
2025,NgoaiNgu,10.0,417
2025,NguVan,0.25,10
2025,NguVan,0.5,26
2025,NguVan,0.75,25
2025,NguVan,1.0,19
2025,NguVan,1.25,233
2025,NguVan,1.5,295
2025,NguVan,1.75,392
2025,NguVan,2.0,745
2025,NguVan,2.08,1
2025,NguVan,2.25,947
2025,NguVan,2.33,4
2025,NguVan,2.42,1
2025,NguVan,2.5,1499
2025,NguVan,2.58,2
2025,NguVan,2.66,1
2025,NguVan,2.67,2
2025,NguVan,2.75,1915
2025,NguVan,2.83,2
2025,NguVan,2.92,1
2025,NguVan,3.0,3099
2025,NguVan,3.08,4
2025,NguVan,3.17,6
2025,NguVan,3.25,3497
2025,NguVan,3.3,1
2025,NguVan,3.33,9
2025,NguVan,3.4,1
2025,NguVan,3.41,2
2025,NguVan,3.42,8
2025,NguVan,3.5,5149
2025,NguVan,3.58,9
2025,NguVan,3.6,1
2025,NguVan,3.66,1
2025,NguVan,3.67,4
2025,NguVan,3.75,6200
2025,NguVan,3.83,13
2025,NguVan,3.91,1
2025,NguVan,3.92,20
2025,NguVan,4.0,9246
2025,NguVan,4.08,25
2025,NguVan,4.09,1
2025,NguVan,4.16,3
2025,NguVan,4.17,27
2025,NguVan,4.2,1
2025,NguVan,4.23,1
2025,NguVan,4.25,9976
2025,NguVan,4.26,1
2025,NguVan,4.3,1
2025,NguVan,4.33,29
2025,NguVan,4.34,1
2025,NguVan,4.41,2
2025,NguVan,4.42,29
2025,NguVan,4.5,13612
2025,NguVan,4.55,1
2025,NguVan,4.58,48
2025,NguVan,4.6,2
2025,NguVan,4.65,1
2025,NguVan,4.66,5
2025,NguVan,4.67,33
2025,NguVan,4.7,1
2025,NguVan,4.73,1
2025,NguVan,4.75,12997
2025,NguVan,4.8,2
2025,NguVan,4.83,53
2025,NguVan,4.9,2
2025,NguVan,4.91,4
2025,NguVan,4.92,51
2025,NguVan,5.0,27458
2025,NguVan,5.08,61
2025,NguVan,5.1,1
2025,NguVan,5.16,10
2025,NguVan,5.17,58
2025,NguVan,5.18,1
2025,NguVan,5.2,3
2025,NguVan,5.24,1
2025,NguVan,5.25,25056
2025,NguVan,5.3,3
2025,NguVan,5.33,82
2025,NguVan,5.4,3
2025,NguVan,5.41,10
2025,NguVan,5.42,80
2025,NguVan,5.49,1
2025,NguVan,5.5,33999
2025,NguVan,5.56,1
2025,NguVan,5.57,2
2025,NguVan,5.58,106
2025,NguVan,5.59,1
2025,NguVan,5.6,2
2025,NguVan,5.66,11
2025,NguVan,5.67,117
2025,NguVan,5.75,38777
2025,NguVan,5.8,1
2025,NguVan,5.82,1
2025,NguVan,5.83,141
2025,NguVan,5.84,2
2025,NguVan,5.85,1
2025,NguVan,5.88,1
2025,NguVan,5.9,4
2025,NguVan,5.91,10
2025,NguVan,5.92,139
2025,NguVan,5.93,1
2025,NguVan,6.0,53411
2025,NguVan,6.08,155
2025,NguVan,6.09,1
2025,NguVan,6.1,2
2025,NguVan,6.16,15
2025,NguVan,6.17,162
2025,NguVan,6.2,3
2025,NguVan,6.25,55910
2025,NguVan,6.3,4
2025,NguVan,6.32,1
2025,NguVan,6.33,189
2025,NguVan,6.34,4
2025,NguVan,6.4,5
2025,NguVan,6.41,19
2025,NguVan,6.42,184
2025,NguVan,6.5,71722
2025,NguVan,6.55,2
2025,NguVan,6.58,207
2025,NguVan,6.59,2
2025,NguVan,6.6,2
2025,NguVan,6.65,1
2025,NguVan,6.66,22
2025,NguVan,6.67,179
2025,NguVan,6.7,4
2025,NguVan,6.73,1
2025,NguVan,6.74,1
2025,NguVan,6.75,76438
2025,NguVan,6.8,4
2025,NguVan,6.81,1
2025,NguVan,6.83,199
2025,NguVan,6.84,1
2025,NguVan,6.85,1
2025,NguVan,6.88,1
2025,NguVan,6.9,1
2025,NguVan,6.91,24
2025,NguVan,6.92,186
2025,NguVan,7.0,94762
2025,NguVan,7.08,196
2025,NguVan,7.09,3
2025,NguVan,7.1,2
2025,NguVan,7.15,1
2025,NguVan,7.16,25
2025,NguVan,7.17,172
2025,NguVan,7.2,3
2025,NguVan,7.23,1
2025,NguVan,7.25,88977
2025,NguVan,7.28,1
2025,NguVan,7.3,10
2025,NguVan,7.33,177
2025,NguVan,7.34,3
2025,NguVan,7.4,5
2025,NguVan,7.41,18
2025,NguVan,7.42,139
2025,NguVan,7.43,1
2025,NguVan,7.5,98814
2025,NguVan,7.55,1
2025,NguVan,7.58,141
2025,NguVan,7.59,3
2025,NguVan,7.6,5
2025,NguVan,7.65,1
2025,NguVan,7.66,24
2025,NguVan,7.67,109
2025,NguVan,7.7,1
2025,NguVan,7.75,86657
2025,NguVan,7.78,1
2025,NguVan,7.8,3
2025,NguVan,7.81,1
2025,NguVan,7.82,1
2025,NguVan,7.83,90
2025,NguVan,7.84,2
2025,NguVan,7.9,2
2025,NguVan,7.91,13
2025,NguVan,7.92,85
2025,NguVan,8.0,89064
2025,NguVan,8.08,51
2025,NguVan,8.1,4
2025,NguVan,8.15,1
2025,NguVan,8.16,9
2025,NguVan,8.17,40
2025,NguVan,8.23,1
2025,NguVan,8.25,66224
2025,NguVan,8.3,5
2025,NguVan,8.33,38
2025,NguVan,8.41,6
2025,NguVan,8.42,16
2025,NguVan,8.5,59333
2025,NguVan,8.53,1
2025,NguVan,8.58,12
2025,NguVan,8.59,1
2025,NguVan,8.66,1
2025,NguVan,8.67,4
2025,NguVan,8.75,41942
2025,NguVan,8.82,1
2025,NguVan,8.83,4
2025,NguVan,8.91,1
2025,NguVan,9.0,27949
2025,NguVan,9.25,11776
2025,NguVan,9.5,3974
2025,NguVan,9.75,301
2025,SinhHoc,0.85,1
2025,SinhHoc,1.1,3
2025,SinhHoc,1.2,3
2025,SinhHoc,1.25,1
2025,SinhHoc,1.3,2
2025,SinhHoc,1.35,4
2025,SinhHoc,1.4,1
2025,SinhHoc,1.45,6
2025,SinhHoc,1.5,3
2025,SinhHoc,1.55,4
2025,SinhHoc,1.6,9
2025,SinhHoc,1.7,18
2025,SinhHoc,1.75,7
2025,SinhHoc,1.8,6
2025,SinhHoc,1.85,30
2025,SinhHoc,1.9,1
2025,SinhHoc,1.95,24
2025,SinhHoc,2.0,24
2025,SinhHoc,2.05,12
2025,SinhHoc,2.1,80
2025,SinhHoc,2.15,1
2025,SinhHoc,2.2,64
2025,SinhHoc,2.25,44
2025,SinhHoc,2.3,23
2025,SinhHoc,2.35,137
2025,SinhHoc,2.4,1
2025,SinhHoc,2.45,99
2025,SinhHoc,2.5,91
2025,SinhHoc,2.55,36
2025,SinhHoc,2.6,213
2025,SinhHoc,2.65,5
2025,SinhHoc,2.7,164
2025,SinhHoc,2.75,166
2025,SinhHoc,2.8,38
2025,SinhHoc,2.85,327
2025,SinhHoc,2.9,1
2025,SinhHoc,2.95,222
2025,SinhHoc,3.0,250
2025,SinhHoc,3.05,51
2025,SinhHoc,3.1,494
2025,SinhHoc,3.15,3
2025,SinhHoc,3.2,321
2025,SinhHoc,3.25,398
2025,SinhHoc,3.3,46
2025,SinhHoc,3.35,683
2025,SinhHoc,3.4,3
2025,SinhHoc,3.45,349
2025,SinhHoc,3.5,587
2025,SinhHoc,3.55,54
2025,SinhHoc,3.6,936
2025,SinhHoc,3.65,3
2025,SinhHoc,3.7,411
2025,SinhHoc,3.75,843
2025,SinhHoc,3.8,56
2025,SinhHoc,3.85,1144
2025,SinhHoc,3.9,1
2025,SinhHoc,3.95,405
2025,SinhHoc,4.0,1063
2025,SinhHoc,4.05,55
2025,SinhHoc,4.1,1357
2025,SinhHoc,4.15,2
2025,SinhHoc,4.2,440
2025,SinhHoc,4.25,1362
2025,SinhHoc,4.3,49
2025,SinhHoc,4.35,1537
2025,SinhHoc,4.4,1
2025,SinhHoc,4.45,425
2025,SinhHoc,4.5,1497
2025,SinhHoc,4.55,36
2025,SinhHoc,4.6,1671
2025,SinhHoc,4.65,1
2025,SinhHoc,4.7,381
2025,SinhHoc,4.75,1810
2025,SinhHoc,4.8,24
2025,SinhHoc,4.85,1722
2025,SinhHoc,4.9,1
2025,SinhHoc,4.95,331
2025,SinhHoc,5.0,1906
2025,SinhHoc,5.05,15
2025,SinhHoc,5.1,1731
2025,SinhHoc,5.2,319
2025,SinhHoc,5.25,2099
2025,SinhHoc,5.3,12
2025,SinhHoc,5.35,1585
2025,SinhHoc,5.45,227
2025,SinhHoc,5.5,2232
2025,SinhHoc,5.55,7
2025,SinhHoc,5.6,1561
2025,SinhHoc,5.7,193
2025,SinhHoc,5.75,2299
2025,SinhHoc,5.85,1407
2025,SinhHoc,5.95,132
2025,SinhHoc,6.0,2372
2025,SinhHoc,6.05,2
2025,SinhHoc,6.1,1277
2025,SinhHoc,6.2,107
2025,SinhHoc,6.25,2369
2025,SinhHoc,6.3,1
2025,SinhHoc,6.35,1126
2025,SinhHoc,6.45,75
2025,SinhHoc,6.5,2453
2025,SinhHoc,6.6,978
2025,SinhHoc,6.7,34
2025,SinhHoc,6.75,2304
2025,SinhHoc,6.8,1
2025,SinhHoc,6.85,794
2025,SinhHoc,6.95,24
2025,SinhHoc,7.0,2215
2025,SinhHoc,7.1,617
2025,SinhHoc,7.2,20
2025,SinhHoc,7.25,2204
2025,SinhHoc,7.35,504
2025,SinhHoc,7.45,4
2025,SinhHoc,7.5,1989
2025,SinhHoc,7.6,361
2025,SinhHoc,7.7,4
2025,SinhHoc,7.75,1840
2025,SinhHoc,7.85,253
2025,SinhHoc,7.95,1
2025,SinhHoc,8.0,1660
2025,SinhHoc,8.1,177
2025,SinhHoc,8.25,1431
2025,SinhHoc,8.35,106
2025,SinhHoc,8.5,1319
2025,SinhHoc,8.6,59
2025,SinhHoc,8.75,1024
2025,SinhHoc,8.85,16
2025,SinhHoc,9.0,766
2025,SinhHoc,9.1,6
2025,SinhHoc,9.25,475
2025,SinhHoc,9.5,327
2025,SinhHoc,9.75,119
2025,SinhHoc,10.0,82
2025,TinHoc,1.35,1
2025,TinHoc,1.85,2
2025,TinHoc,2.0,1
2025,TinHoc,2.25,2
2025,TinHoc,2.3,1
2025,TinHoc,2.35,1
2025,TinHoc,2.5,4
2025,TinHoc,2.6,1
2025,TinHoc,2.7,3
2025,TinHoc,2.75,3
2025,TinHoc,2.8,1
2025,TinHoc,2.85,6
2025,TinHoc,2.95,2
2025,TinHoc,3.0,3
2025,TinHoc,3.05,1
2025,TinHoc,3.1,9
2025,TinHoc,3.2,6
2025,TinHoc,3.25,13
2025,TinHoc,3.35,23
2025,TinHoc,3.45,4
2025,TinHoc,3.5,18
2025,TinHoc,3.55,2
2025,TinHoc,3.6,12
2025,TinHoc,3.7,12
2025,TinHoc,3.75,24
2025,TinHoc,3.8,2
2025,TinHoc,3.85,37
2025,TinHoc,3.95,16
2025,TinHoc,4.0,44
2025,TinHoc,4.05,4
2025,TinHoc,4.1,56
2025,TinHoc,4.2,15
2025,TinHoc,4.25,63
2025,TinHoc,4.3,1
2025,TinHoc,4.35,51
2025,TinHoc,4.45,13
2025,TinHoc,4.5,81
2025,TinHoc,4.6,85
2025,TinHoc,4.7,20
2025,TinHoc,4.75,106
2025,TinHoc,4.8,1
2025,TinHoc,4.85,87
2025,TinHoc,4.95,16
2025,TinHoc,5.0,147
2025,TinHoc,5.05,1
2025,TinHoc,5.1,117
2025,TinHoc,5.2,13
2025,TinHoc,5.25,164
2025,TinHoc,5.35,120
2025,TinHoc,5.45,18
2025,TinHoc,5.5,230
2025,TinHoc,5.6,104
2025,TinHoc,5.7,18
2025,TinHoc,5.75,271
2025,TinHoc,5.8,2
2025,TinHoc,5.85,117
2025,TinHoc,5.95,15
2025,TinHoc,6.0,270
2025,TinHoc,6.1,151
2025,TinHoc,6.2,7
2025,TinHoc,6.25,303
2025,TinHoc,6.35,124
2025,TinHoc,6.45,6
2025,TinHoc,6.5,311
2025,TinHoc,6.6,146
2025,TinHoc,6.7,8
2025,TinHoc,6.75,345
2025,TinHoc,6.85,122
2025,TinHoc,6.95,3
2025,TinHoc,7.0,379
2025,TinHoc,7.1,97
2025,TinHoc,7.2,3
2025,TinHoc,7.25,376
2025,TinHoc,7.35,82
2025,TinHoc,7.45,4
2025,TinHoc,7.5,343
2025,TinHoc,7.6,37
2025,TinHoc,7.7,2
2025,TinHoc,7.75,357
2025,TinHoc,7.85,51
2025,TinHoc,8.0,362
2025,TinHoc,8.1,33
2025,TinHoc,8.25,323
2025,TinHoc,8.35,12
2025,TinHoc,8.5,262
2025,TinHoc,8.6,17
2025,TinHoc,8.75,228
2025,TinHoc,8.85,4
2025,TinHoc,9.0,202
2025,TinHoc,9.1,2
2025,TinHoc,9.25,176
2025,TinHoc,9.5,110
2025,TinHoc,9.75,94
2025,TinHoc,10.0,60
2025,Toan,0.1,1
2025,Toan,0.35,2
2025,Toan,0.4,4
2025,Toan,0.45,10
2025,Toan,0.5,1
2025,Toan,0.55,18
2025,Toan,0.6,18
2025,Toan,0.65,6
2025,Toan,0.7,84
2025,Toan,0.75,13
2025,Toan,0.8,66
2025,Toan,0.85,115
2025,Toan,0.9,17
2025,Toan,0.95,326
2025,Toan,1.0,90
2025,Toan,1.05,203
2025,Toan,1.1,539
2025,Toan,1.15,28
2025,Toan,1.2,914
2025,Toan,1.25,287
2025,Toan,1.3,400
2025,Toan,1.35,1881
2025,Toan,1.4,53
2025,Toan,1.45,1966
2025,Toan,1.5,919
2025,Toan,1.55,629
2025,Toan,1.6,4246
2025,Toan,1.65,37
2025,Toan,1.7,2963
2025,Toan,1.75,2219
2025,Toan,1.8,795
2025,Toan,1.85,7352
2025,Toan,1.9,60
2025,Toan,1.95,4150
2025,Toan,2.0,4128
2025,Toan,2.05,849
2025,Toan,2.1,10834
2025,Toan,2.15,41
2025,Toan,2.2,5178
2025,Toan,2.25,6904
2025,Toan,2.3,781
2025,Toan,2.35,14492
2025,Toan,2.4,35
2025,Toan,2.45,5651
2025,Toan,2.5,9947
2025,Toan,2.55,754
2025,Toan,2.6,17208
2025,Toan,2.65,17
2025,Toan,2.7,5882
2025,Toan,2.75,13995
2025,Toan,2.8,644
2025,Toan,2.85,19804
2025,Toan,2.9,10
2025,Toan,2.95,5836
2025,Toan,3.0,19112
2025,Toan,3.05,477
2025,Toan,3.1,22040
2025,Toan,3.15,3
2025,Toan,3.2,5162
2025,Toan,3.25,24267
2025,Toan,3.3,287
2025,Toan,3.35,23017
2025,Toan,3.4,1
2025,Toan,3.45,4831
2025,Toan,3.5,30233
2025,Toan,3.55,199
2025,Toan,3.6,23573
2025,Toan,3.7,4025
2025,Toan,3.75,35226
2025,Toan,3.8,96
2025,Toan,3.85,23600
2025,Toan,3.95,3372
2025,Toan,4.0,39220
2025,Toan,4.05,45
2025,Toan,4.1,22902
2025,Toan,4.2,2573
2025,Toan,4.25,43326
2025,Toan,4.3,13
2025,Toan,4.35,21396
2025,Toan,4.45,1879
2025,Toan,4.5,45988
2025,Toan,4.55,9
2025,Toan,4.6,19253
2025,Toan,4.7,1315
2025,Toan,4.75,46380
2025,Toan,4.8,2
2025,Toan,4.85,16790
2025,Toan,4.95,1082
2025,Toan,5.0,45608
2025,Toan,5.1,14692
2025,Toan,5.2,753
2025,Toan,5.25,44053
2025,Toan,5.35,12629
2025,Toan,5.45,348
2025,Toan,5.5,41900
2025,Toan,5.6,9689
2025,Toan,5.7,350
2025,Toan,5.75,37803
2025,Toan,5.85,7948
2025,Toan,5.95,82
2025,Toan,6.0,35257
2025,Toan,6.1,6620
2025,Toan,6.2,98
2025,Toan,6.25,33041
2025,Toan,6.35,3778
2025,Toan,6.45,12
2025,Toan,6.5,27830
2025,Toan,6.6,4021
2025,Toan,6.7,22
2025,Toan,6.75,25579
2025,Toan,6.85,1216
2025,Toan,7.0,23830
2025,Toan,7.1,1868
2025,Toan,7.2,4
2025,Toan,7.25,17303
2025,Toan,7.35,248
2025,Toan,7.5,22726
2025,Toan,7.6,672
2025,Toan,7.75,9643
2025,Toan,7.85,36
2025,Toan,8.0,21053
2025,Toan,8.1,182
2025,Toan,8.25,4695
2025,Toan,8.35,3
2025,Toan,8.5,17448
2025,Toan,8.6,9
2025,Toan,8.75,1865
2025,Toan,9.0,12819
2025,Toan,9.1,3
2025,Toan,9.25,264
2025,Toan,9.5,2517
2025,Toan,9.75,40
2025,Toan,10.0,513
2025,VatLy,0.55,1
2025,VatLy,1.0,1
2025,VatLy,1.2,2
2025,VatLy,1.35,1
2025,VatLy,1.45,2
2025,VatLy,1.5,1
2025,VatLy,1.6,1
2025,VatLy,1.7,9
2025,VatLy,1.75,5
2025,VatLy,1.8,1
2025,VatLy,1.85,14
2025,VatLy,1.95,11
2025,VatLy,2.0,16
2025,VatLy,2.1,29
2025,VatLy,2.2,21
2025,VatLy,2.25,28
2025,VatLy,2.3,4
2025,VatLy,2.35,56
2025,VatLy,2.45,45
2025,VatLy,2.5,51
2025,VatLy,2.55,8
2025,VatLy,2.6,117
2025,VatLy,2.65,1
2025,VatLy,2.7,69
2025,VatLy,2.75,119
2025,VatLy,2.8,16
2025,VatLy,2.85,237
2025,VatLy,2.95,120
2025,VatLy,3.0,207
2025,VatLy,3.05,19
2025,VatLy,3.1,370
2025,VatLy,3.2,182
2025,VatLy,3.25,434
2025,VatLy,3.3,22
2025,VatLy,3.35,629
2025,VatLy,3.4,1
2025,VatLy,3.45,217
2025,VatLy,3.5,706
2025,VatLy,3.55,25
2025,VatLy,3.6,925
2025,VatLy,3.7,318
2025,VatLy,3.75,1115
2025,VatLy,3.8,24
2025,VatLy,3.85,1366
2025,VatLy,3.95,407
2025,VatLy,4.0,1845
2025,VatLy,4.05,40
2025,VatLy,4.1,1969
2025,VatLy,4.2,439
2025,VatLy,4.25,2604
2025,VatLy,4.3,28
2025,VatLy,4.35,2347
2025,VatLy,4.45,486
2025,VatLy,4.5,3828
2025,VatLy,4.55,17
2025,VatLy,4.6,2994
2025,VatLy,4.7,543
2025,VatLy,4.75,4976
2025,VatLy,4.8,27
2025,VatLy,4.85,3430
2025,VatLy,4.95,502
2025,VatLy,5.0,6544
2025,VatLy,5.05,11
2025,VatLy,5.1,3801
2025,VatLy,5.2,446
2025,VatLy,5.25,8355
2025,VatLy,5.3,10
2025,VatLy,5.35,4174
2025,VatLy,5.45,352
2025,VatLy,5.5,10024
2025,VatLy,5.55,4
2025,VatLy,5.6,4180
2025,VatLy,5.7,310
2025,VatLy,5.75,11504
2025,VatLy,5.85,4145
2025,VatLy,5.95,227
2025,VatLy,6.0,12983
2025,VatLy,6.05,1
2025,VatLy,6.1,4062
2025,VatLy,6.2,184
2025,VatLy,6.25,13953
2025,VatLy,6.3,1
2025,VatLy,6.35,3762
2025,VatLy,6.45,145
2025,VatLy,6.5,15143
2025,VatLy,6.6,3408
2025,VatLy,6.7,74
2025,VatLy,6.75,16177
2025,VatLy,6.85,3022
2025,VatLy,6.95,37
2025,VatLy,7.0,17134
2025,VatLy,7.1,2564
2025,VatLy,7.2,33
2025,VatLy,7.25,17692
2025,VatLy,7.35,2219
2025,VatLy,7.45,18
2025,VatLy,7.5,18593
2025,VatLy,7.6,1724
2025,VatLy,7.7,15
2025,VatLy,7.75,18221
2025,VatLy,7.85,1292
2025,VatLy,7.95,3
2025,VatLy,8.0,17883
2025,VatLy,8.1,895
2025,VatLy,8.25,16979
2025,VatLy,8.35,523
2025,VatLy,8.5,15952
2025,VatLy,8.6,314
2025,VatLy,8.75,14289
2025,VatLy,8.85,99
2025,VatLy,9.0,12734
2025,VatLy,9.1,68
2025,VatLy,9.25,10613
2025,VatLy,9.5,9037
2025,VatLy,9.75,3708
2025,VatLy,10.0,3929
