Nam,Mon,mean_prev,mean_change,mean_change_pct,median_change,pct_lt_5_change,pct_ge_8_change,count_change_pct,mean,median,count,pct_lt_5,pct_ge_8
2021,CongNgheCongNghiep,,,,,,,,,,0,,
2022,CongNgheCongNghiep,,,,,,,,,,0,,
2023,CongNgheCongNghiep,,,,,,,,,,0,,
2024,CongNgheCongNghiep,,,,,,,,,,0,,
2025,CongNgheCongNghiep,,,,,,,,5.7926,5.6,2290,34.0611,11.22
2021,CongNgheNongNghiep,,,,,,,,,,0,,
2022,CongNgheNongNghiep,,,,,,,,,,0,,
2023,CongNgheNongNghiep,,,,,,,,,,0,,
2024,CongNgheNongNghiep,,,,,,,,,,0,,
2025,CongNgheNongNghiep,,,,,,,,7.7159,7.75,22048,2.1453,48.8
2021,DiaLy,,,,,,,,6.9564,7.0,628784,4.6197,22.05
2022,DiaLy,6.9564,-0.2783,-4.0006,-0.25,2.6763,-5.32,4.551,6.6781,6.75,657400,7.296,16.73
2023,DiaLy,6.6781,-0.5299,-7.9349,-0.5,6.045,-10.09,3.7502,6.1482,6.25,682054,13.341,6.64
2024,DiaLy,6.1482,1.0459,17.0115,1.0,-8.9858,24.37,3.309,7.1941,7.25,704623,4.3552,31.01
2025,DiaLy,7.1941,-0.5662,-7.8703,-0.5,14.3346,-4.33,-32.3796,6.6279,6.75,476469,18.6898,26.68
2021,GDCD,,,,,,,,8.3746,8.5,532213,0.9913,71.45
2022,GDCD,8.3746,-0.341,-4.0718,-0.25,0.0363,-9.6,4.1534,8.0336,8.25,554318,1.0276,61.85
2023,GDCD,8.0336,0.2525,3.143,0.25,-0.0602,7.11,2.0046,8.2861,8.5,565430,0.9674,68.96
2024,GDCD,8.2861,-0.1293,-1.5604,-0.25,-0.197,-3.12,3.211,8.1568,8.25,583586,0.7704,65.84
2025,GDCD,,,,,,,,,,0,,
2021,HoaHoc,,,,,,,,6.6306,7.0,346709,16.3024,24.89
2022,HoaHoc,6.6306,0.0735,1.1085,0.0,-1.0628,2.98,-5.5813,6.7041,7.0,327358,15.2396,27.87
2023,HoaHoc,6.7041,0.0406,0.6056,0.0,-3.5446,-5.2,0.2312,6.7447,7.0,328115,11.695,22.67
2024,HoaHoc,6.7447,-0.0637,-0.9444,-0.25,4.1673,4.27,5.6054,6.681,6.75,346507,15.8623,26.94
2025,HoaHoc,6.681,-0.6161,-9.2217,-0.75,13.6669,-7.65,-30.6984,6.0649,6.0,240135,29.5292,19.29
2021,KinhTePhapLuat,,,,,,,,,,0,,
2022,KinhTePhapLuat,,,,,,,,,,0,,
2023,KinhTePhapLuat,,,,,,,,,,0,,
2024,KinhTePhapLuat,,,,,,,,,,0,,
2025,KinhTePhapLuat,,,,,,,,7.6914,7.75,246401,2.5665,49.12
2021,LichSu,,,,,,,,4.9717,4.75,634722,52.0351,7.03
2022,LichSu,4.9717,1.3722,27.6002,1.75,-32.6994,11.1,3.929,6.3439,6.5,659660,19.3357,18.13
2023,LichSu,6.3439,-0.3182,-5.0158,-0.5,5.5723,-5.06,3.6052,6.0257,6.0,683442,24.908,13.07
2024,LichSu,6.0257,0.5447,9.0396,0.5,-11.8665,6.55,3.3311,6.5704,6.5,706208,13.0415,19.62
2025,LichSu,6.5704,-0.0511,-0.7777,0.1,5.5882,3.41,-31.8485,6.5193,6.6,481291,18.6297,23.03
2021,NgoaiNgu,,,,,,,,5.8499,5.6,868287,40.1621,24.23
2022,NgoaiNgu,5.8499,-0.6922,-11.8327,-0.8,11.2265,-12.14,0.2665,5.1577,4.8,870601,51.3886,12.09
2023,NgoaiNgu,5.1577,0.3047,5.9077,0.4,-6.7018,3.09,1.1934,5.4624,5.2,880991,44.6868,15.18
2024,NgoaiNgu,5.4624,0.0596,1.0911,0.0,-2.183,-0.55,3.5995,5.522,5.2,912702,42.5038,14.63
2025,NgoaiNgu,5.522,-0.1165,-2.1097,0.05,-4.6405,-8.58,-60.8064,5.4055,5.25,357721,37.8633,6.05
2021,NguVan,,,,,,,,6.4705,6.5,974415,12.0536,14.94
2022,NguVan,6.4705,0.0375,0.5796,0.0,-0.4405,2.03,0.7137,6.508,6.5,981369,11.6131,16.97
2023,NguVan,6.508,0.3504,5.3841,0.5,-4.3099,7.45,2.7356,6.8584,7.0,1008215,7.3032,24.42
2024,NguVan,6.8584,0.3729,5.4371,0.5,-2.2394,11.57,4.1525,7.2313,7.5,1050081,5.0638,35.99
2025,NguVan,7.2313,-0.2292,-3.1696,-0.25,1.1756,-9.3,7.2983,7.0021,7.25,1126719,6.2394,26.69
2021,SinhHoc,,,,,,,,5.516,5.5,341264,34.512,6.52
2022,SinhHoc,5.516,-0.4963,-8.9975,-0.75,16.2711,-1.93,-5.5974,5.0197,4.75,322162,50.7831,4.59
2023,SinhHoc,5.0197,1.3756,27.404,1.75,-40.3905,5.98,0.7586,6.3953,6.5,324606,10.3926,10.57
2024,SinhHoc,6.3953,-0.1106,-1.7294,-0.25,2.9954,-0.51,5.4642,6.2847,6.25,342343,13.388,10.06
2025,SinhHoc,6.2847,-0.5064,-8.0577,-0.5,19.0521,0.77,-79.5833,5.7783,5.75,69895,32.4401,10.83
2021,TinHoc,,,,,,,,,,0,,
2022,TinHoc,,,,,,,,,,0,,
2023,TinHoc,,,,,,,,,,0,,
2024,TinHoc,,,,,,,,,,0,,
2025,TinHoc,,,,,,,,6.7828,6.75,7602,11.2207,24.8
2021,Toan,,,,,,,,6.6138,7.0,977363,17.4181,25.87
2022,Toan,6.6138,-0.1475,-2.2302,-0.2,1.531,-4.02,0.5484,6.4663,6.8,982723,18.9491,21.85
2023,Toan,6.4663,-0.2157,-3.3358,-0.2,2.6872,-6.69,2.1011,6.2506,6.6,1003371,21.6363,15.16
2024,Toan,6.2506,0.1967,3.1469,0.2,-4.1428,3.81,4.2099,6.4473,6.8,1045612,17.4935,18.97
2025,Toan,6.4473,-1.6642,-25.8124,-2.2,38.901,-13.52,7.704,4.7831,4.6,1126166,56.3945,5.45
2021,VatLy,,,,,,,,6.5665,6.75,345079,13.0666,18.32
2022,VatLy,6.5665,0.1575,2.3985,0.25,-1.382,4.43,-5.67,6.724,7.0,325513,11.6846,22.75
2023,VatLy,6.724,-0.1499,-2.2293,-0.25,3.0994,-1.43,0.5118,6.5741,6.75,327179,14.784,21.32
2024,VatLy,6.5741,0.0928,1.4116,0.25,1.5592,5.92,5.6336,6.6669,7.0,345611,16.3432,27.24
2025,VatLy,6.6669,0.3182,4.7728,0.0,-6.5537,3.55,0.5749,6.9851,7.0,347598,9.7895,30.79
